여에스더 유산균 슬림,코스맥스엔비티,여에스더&유산균&슬림
여에스더 유산균 캄,콜마비앤에이치음성공장,여에스더&유산균
여에스더 피부 유산균,알피바이오,여에스더&피부&유산균
여왕의 비밀 풋사과 다이어트,서흥,여왕의&비밀&풋사과&다이어트
여왕의 석류,서흥헬스케어,여왕의&석류
여왕의 석류 프리미엄,서흥헬스케어,여왕의&석류&프리미엄
여왕의석류 진,서흥헬스케어,여왕의석류
여우미,네이처퓨어코리아,여우미
여우브이,네이처퓨어코리아,여우브이
여자에 좋은 멀티비타민,노바렉스,여자에&좋은&멀티비타민
여자의 하루,한미양행,여자의&하루
여춘여심환,유유헬스케어,여춘여심환
역시 쾌장군 프리미엄 골드,경성제약,역시&쾌장군&프리미엄&골드
연골 엔 관절케어NAG,네이처퓨어코리아,연골&관절케어NAG
연골청춘,서흥,연골청춘
연녹이 플러스 버닝다이어트 L카르니틴 부스터업,미누스토리,연녹이&플러스&버닝다이어트&L카르니틴&부스터업
연세 닥터 올인원,네추럴웨이 포천 제2공장,연세&닥터&올인원
연세 닥터톡스 수 플러스,극동에치팜2공장,연세&닥터톡스&플러스
연세 닥터톡스 프리미엄,극동에치팜2공장,연세&닥터톡스&프리미엄
연세 루테인 플러스,한미양행,연세&루테인&플러스
연세닥터톡스 플러스,극동에치팜2공장,연세닥터톡스&플러스
연어이리추출물,파마리서치,연어이리추출물
연홍삼정,그린바이오,연홍삼정
연홍이 플러스 다이나믹 부스터 업,미누스토리,연홍이&플러스&다이나믹&부스터
연홍이 플러스 다이나믹 부스터 업,콜마비앤에이치음성공장,연홍이&플러스&다이나믹&부스터
엽산+철분+멀티비타민,알피바이오,엽산&철분&멀티비타민
엽산영양플러스,콜마비앤에이치음성공장,엽산영양플러스
영기장군 홍삼스틱:편,천호엔케어,영기장군&홍삼스틱
영기장군 홍삼정,천호엔케어,영기장군&홍삼정
영라뉴 싸이클 컷 솔루션,바이오에비뉴,영라뉴&싸이클&솔루션
영롱 밀크씨슬&코큐텐,농업회사법인내츄럴엔,영롱&밀크씨슬&코큐텐
영롱 이스트바이오틱스 데이 앤 나잇,농업회사법인내츄럴엔,영롱&이스트바이오틱스&데이&나잇
영롱 이스트바이오틱스 센서티브,농업회사법인내츄럴엔,영롱&이스트바이오틱스&센서티브
영롱 이스트바이오틱스 콤부차맛,농업회사법인내츄럴엔,영롱&이스트바이오틱스&콤부차맛
영롱 이스트바이오틱스 키즈,농업회사법인내츄럴엔,영롱&이스트바이오틱스&키즈
영롱 판토쉴드 비타민B & 영롱 포레스트 테아닌,농업회사법인내츄럴엔,영롱&판토쉴드&비타민B&영롱&포레스트&테아닌
영롱 포레스트 테아닌,농업회사법인내츄럴엔,영롱&포레스트&테아닌
영리빙 그린 오메가 3,코스맥스엔비티,영리빙&그린&오메가
영리빙 에센셜 프로틴,코스맥스엔비티,영리빙&에센셜&프로틴
영양가득 비타충전 젤리,위너웰,영양가득&비타충전&젤리
영양가득 비타푸드Q,서흥,영양가득&비타푸드Q
영양비타민플러스,마임,영양비타민플러스
영웅제약 장건강 철벽방어,한미양행,영웅제약&장건강&철벽방어
영웅제약 편관보,한미양행,영웅제약&편관보
영진 세븐바이오틱스,이앤에스,영진&세븐바이오틱스
영진 홍삼스틱,영진약품남양공장,영진&홍삼스틱
영풍리버솔루션,영풍제약,영풍리버솔루션
예가빈 다이어트,팜텍코리아,예가빈&다이어트
예감티,서흥,예감티
예본매실농축액,케이지씨예본,예본매실농축액
예비채 브라운진스트15,일화,예비채&브라운진스트15
예비채 블루본 타민 플러스,일화,예비채&블루본&타민&플러스
예비채 진스트15 홍삼정,일화,예비채&진스트15&홍삼정
예비채 진스트15 홍삼정,일화,예비채&진스트15&홍삼정
예비채 핑크 밸런스,일화,예비채&핑크&밸런스
예비채진스트15홍삼정스틱,대동고려삼,예비채진스트15홍삼정스틱
예뻐졌다 모닝솔루션,오투바이오,예뻐졌다&모닝솔루션
예뻐졌다 비포솔루션,오투바이오,예뻐졌다&비포솔루션
예뻐졌다 에프터솔루션,오투바이오,예뻐졌다&에프터솔루션
예뻐지는 더블슬림 다이어트 1,상상바이오,예뻐지는&더블슬림&다이어트
예뻐지는 더블슬림 다이어트2,상상바이오,예뻐지는&더블슬림&다이어트2
예뻐지는 카테킨,허브큐어,예뻐지는&카테킨
예쁘니까 먹어도 돼,한미양행,예쁘니까&먹어도
예쁠낮정 스킨핏 다이어트,콜마비앤에이치음성공장,예쁠낮정&스킨핏&다이어트
예쁨 올인원 100억,엠에스바이오텍,예쁨&올인원&100억
예생본앰플,아모레퍼시픽,예생본앰플
예스나우 리버LIVER 솔루션,한풍네이처팜,예스나우&리버LIVER&솔루션
예스나우 슬림라인 나이트 NIGHT,한풍네이처팜,예스나우&슬림라인&나이트&NIGHT
예스나우 아이EYE 솔루션,한풍네이처팜,예스나우&아이EYE&솔루션
예스나우 파워슬림,한풍네이처팜,예스나우&파워슬림
예지천보루테인,바이오에비뉴,예지천보루테인
옐로비타민,네이처퓨어코리아,옐로비타민
옐로킹타임,코스맥스바이오,옐로킹타임
오 마이 비타민,한국네츄럴팜,마이&비타민
오 해피 슬림 다이어트 유산균,뉴팜,해피&슬림&다이어트&유산균
오!메가루테인 아스타잔틴,네이처퓨어코리아,메가루테인&아스타잔틴
오!메가루테인 플러스,네이처퓨어코리아,메가루테인&플러스
오느라베 플러스,유유헬스케어,오느라베&플러스
오늘 더 가벼움,유유헬스케어,오늘&가벼움
오늘 더 상쾌한,유유헬스케어,오늘&상쾌한
오늘 더 애플 딸기맛&키위맛,에프엔바이오,오늘&애플&딸기맛&키위맛
오늘 더 애플 레몬맛,에프엔바이오,오늘&애플&레몬맛
오늘 더 애플 청사과맛,에프엔바이오,오늘&애플&청사과맛
"오늘, 쉼표",콜마비앤에이치음성공장,오늘&쉼표
오늘DANG,휴온스푸디언스 금산3공장,오늘DANG
오늘더청춘 포맨,유유헬스케어,오늘더청춘&포맨
오늘도 가볍게 프로바이오틱스 락토-솔루션,엠에스바이오텍,오늘도&가볍게&프로바이오틱스&락토&솔루션
오늘도 가볍게 프리바이오틱스 FOS 솔루션,엠에스바이오텍,오늘도&가볍게&프리바이오틱스&FOS&솔루션
오늘도날씬하게,콜마비앤에이치음성공장,오늘도날씬하게
오늘밤엔 편안 安,네이처퓨어코리아,오늘밤엔&편안
오늘부터 다이어트 환,동서바이오팜,오늘부터&다이어트
오늘부터 라인핏,노비스바이오,오늘부터&라인핏
오늘부터 라인핏,동서바이오팜,오늘부터&라인핏
오늘부터 부스터컷,동서바이오팜,오늘부터&부스터컷
오늘부터 빼볼래-칼로X엑스,노바렉스2공장,오늘부터&빼볼래&칼로X엑스
오늘부터 슬림카페,동서바이오팜,오늘부터&슬림카페
오늘부터 웰컷,노비스바이오,오늘부터&웰컷
오늘부터 웰컷,동서바이오팜,오늘부터&웰컷
오늘부터꼬옥 빼는걸로 굿바이스트레스&다이어트,한미양행,오늘부터꼬옥&빼는걸로&굿바이스트레스&다이어트
오늘부터꼬옥종합비타민미네랄,한미양행,오늘부터꼬옥종합비타민미네랄
오늘부터빼볼래-칼로C씨,한미양행,오늘부터빼볼래&칼로C씨
오늘애홍삼스틱,풍기진생영농조합법인,오늘애홍삼스틱
오늘은 그린티 복숭아맛&홍차맛,에프엔바이오,오늘은&그린티&복숭아맛&홍차맛
오늘은 그린티 자몽맛&홍차맛,에프엔바이오,오늘은&그린티&자몽맛&홍차맛
오늘은 애플페논,콜마비앤에이치음성공장,오늘은&애플페논
오늘은 컷,콜마비앤에이치음성공장,오늘은
"오늘은, 休",알피바이오,오늘은
"오늘은, 休 채움",알피바이오,오늘은&채움
오늘은:너다 슬림부스터,콜마비앤에이치음성공장,오늘은&너다&슬림부스터
오늘이 가장 풍성한 날,비엘헬스케어 2공장,오늘이&가장&풍성한
오늘채움 루테인 미니,바이오에비뉴,오늘채움&루테인&미니
오늘컷,코스맥스엔비티,오늘컷
오늘컷 맥스,코스맥스엔비티,오늘컷&맥스
오더리스 알티지 오메가3,네추럴웨이 포천 제2공장,오더리스&알티지&오메가3
오더리스 알티지 오메가큐텐,서흥,오더리스&알티지&오메가큐텐
오디티정제,콜마비앤에이치음성공장,오디티정제
오라뷰 먹는 알로에 베라 겔,알피바이오,오라뷰&먹는&알로에&베라
오라뷰 제로톡 마시는 가르시니아 다이어트,노비스바이오,오라뷰&제로톡&마시는&가르시니아&다이어트
오라뷰 차전자피 가르시니아,노비스바이오,오라뷰&차전자피&가르시니아
오롯밀플러스,한국네츄럴팜,오롯밀플러스
오르 다이어트,유유헬스케어,오르&다이어트
오리지널 포스트바이오틱스,충청바이오텍,오리지널&포스트바이오틱스
오리지널 홍삼농축액,소백인삼영농조합법인,오리지널&홍삼농축액
오마비디유씨,콜마비앤에이치음성공장,오마비디유씨
오마이다이어트,엠에스바이오텍,오마이다이어트
오마이락 프리미엄 프로&자일로,알피바이오,오마이락&프리미엄&프로&자일로
오메가 베이스,한국씨엔에스팜,오메가&베이스
오메가 알티지,비엘헬스케어 2공장,오메가&알티지
오메가 알티지,콜마비앤에이치음성공장,오메가&알티지
오메가 유산균 더블액션,알피바이오,오메가&유산균&더블액션
오메가 유산균 더블액션 에스,알피바이오,오메가&유산균&더블액션&에스
오메가-3,한국씨엔에스팜,오메가
오메가-3,서흥,오메가
오메가-3 EPA DHA,서흥,오메가&EPA&DHA
오메가-3 기억력,한풍네이처팜,오메가&기억력
오메가-3 디에이치에이,세모,오메가&디에이치에이
오메가-3 디에이치에이,세모,오메가&디에이치에이
오메가-3 위드 비타민D,코스맥스엔비티,오메가&위드&비타민D
오메가-3 프리미엄,유니쎌팜,오메가&프리미엄
오메가-3 프리미엄,한미양행,오메가&프리미엄
오메가-3울트라,서흥,오메가&3울트라
오메가-3탑,한미양행,오메가&3탑
오메가-3탑,콜마비앤에이치음성공장,오메가&3탑
오메가3,생명과학,오메가3
오메가3,알피바이오,오메가3
오메가3 EPA DHA,동서바이오팜,오메가3&EPA&DHA
오메가3 골드,동서바이오팜,오메가3&골드
오메가3 골드,한미양행,오메가3&골드
오메가3 맥스,노바렉스2공장,오메가3&맥스
오메가3 베이스 코어,한국씨엔에스팜,오메가3&베이스&코어
오메가3 연질캡슐,콜마비앤에이치음성공장,오메가3&연질캡슐
오메가3 프리미엄 플러스,유니쎌팜,오메가3&프리미엄&플러스
오메가3 플러스 멀티비타민미네랄,태웅식품,오메가3&플러스&멀티비타민미네랄
오메가3&루테인골드,한국씨엔에스팜,오메가3&루테인골드
오메가3-아이 플러스,한국씨엔에스팜,오메가3&아이&플러스
오메가3EPA/DHA,유니쎌팜,오메가3EPA&DHA
오메가3골드,한국바이오건강,오메가3골드
오메가3골드업플러스,서흥,오메가3골드업플러스
오메가3는 맛있다,코스맥스바이오,오메가3는&맛있다
오메가3루테인,한미양행,오메가3루테인
오메가3비쥬얼,고려제약,오메가3비쥬얼
오메가글루코사민,알피바이오,오메가글루코사민
오메가글루코사민,우리바이오,오메가글루코사민
오메가메이트,코스맥스바이오,오메가메이트
오메가써큐텐,코스맥스바이오,오메가써큐텐
오메가케어,아모레퍼시픽,오메가케어
오메가트리플업,서흥,오메가트리플업
오메가파워맥스 369,오투바이오,오메가파워맥스&369
오메가플러스미네랄,서흥,오메가플러스미네랄
오메가피엠,서흥,오메가피엠
오메타맥스3,네추럴웨이 포천 제2공장,오메타맥스3
오베수R,풀무원건강생활,오베수R
오브오랩 플랜비,두루원,오브오랩&플랜비
오비-엑스 다이어트 알로에,안지오랩,오비&엑스&다이어트&알로에
오비엑스 500,안지오랩,오비엑스&500
오비엑스 다이어트 클래식,안지오랩,오비엑스&다이어트&클래식
오비엑스 다이어트 타입 A,안지오랩,오비엑스&다이어트&타입
오비엑스워터믹스,안지오랩,오비엑스워터믹스
오비엑스워터믹스클래식,안지오랩,오비엑스워터믹스클래식
오사프리 터마신,코스맥스엔비티,오사프리&터마신
오소린 단백질보충용제품,코스맥스엔비티,오소린&단백질보충용제품
오스떼 가르시니아캡슐,알피바이오,오스떼&가르시니아캡슐
오스떼 데일리 멀티팩,알피바이오,오스떼&데일리&멀티팩
오스떼 프로바이오틱스,코스맥스엔비티,오스떼&프로바이오틱스
오스콜 N-아세틸글루코사민,네추럴웨이,오스콜&아세틸글루코사민
오스타민D,비오팜,오스타민D
오스틴 rTG 오메가3,한미양행,오스틴&rTG&오메가3
오스틴 관절쌩쌩보감,세종바이오팜,오스틴&관절쌩쌩보감
오스틴 루테인 아스타잔틴,한미양행,오스틴&루테인&아스타잔틴
오스틴 쏘팔메토 옥타코사놀,한미양행,오스틴&쏘팔메토&옥타코사놀
오아시스 멀티비타민구미,에스디푸드,오아시스&멀티비타민구미
오에핏 루테인아스타잔틴,알피바이오,오에핏&루테인아스타잔틴
오에핏 차즈기,코스맥스바이오,오에핏&차즈기
오엠지-3,한풍네이처팜,오엠지
오오카페,서흥헬스케어,오오카페
오즈그린라이프 알래스카 레드 오메가-3,코스맥스엔비티,오즈그린라이프&알래스카&레드&오메가
오즈다이어트,엠에스바이오텍,오즈다이어트
오직:프로바이오틱스,알피바이오,오직&프로바이오틱스
오징어연골베타키토산,한국바이오팜,오징어연골베타키토산
오큐골드,비엘헬스케어 2공장,오큐골드
오큐디,한국씨엔에스팜,오큐디
오큐메가3,한국씨엔에스팜,오큐메가3
오큐슈프림,한미양행,오큐슈프림
오큐시안,노바렉스2공장,오큐시안
오큐아레즈투알티지,태준제약,오큐아레즈투알티지
오큐아레즈투엠,태준제약,오큐아레즈투엠
오큐아이,한국씨엔에스팜,오큐아이
오큐엠파워,코스맥스바이오,오큐엠파워
오큐엠파워루테인,코스맥스바이오,오큐엠파워루테인
오큐잔틴,한국씨엔에스팜,오큐잔틴
오큐징코큐텐,코스맥스바이오,오큐징코큐텐
오큐클리어,콜마비앤에이치음성공장,오큐클리어
오큐테인 플러스,코스맥스엔비티,오큐테인&플러스
오큐테인3,코스맥스엔비티,오큐테인3
오큐텐플러스에이,한국씨엔에스팜,오큐텐플러스에이
오큐파인 트리플케어,노바렉스2공장,오큐파인&트리플케어
오큐플로우,코스맥스바이오,오큐플로우
오큘라레이드,한국씨엔에스팜,오큘라레이드
오투에스,네이처퓨어코리아,오투에스
오프10,한미양행,오프10
오픈더랩 다이어트,한국씨엔에스팜,오픈더랩&다이어트
오피스팩,코스맥스엔비티,오피스팩
오피스팩,노바렉스,오피스팩
오후 반차,네이처텍,오후&반차
오후땡시당,한국씨엔에스팜,오후땡시당
오후엔 루테인,코스맥스엔비티,오후엔&루테인
옥수수배아추출물,우리바이오,옥수수배아추출물
옥시카로틴플러스,비엘헬스케어 2공장,옥시카로틴플러스
옥타 오메가3,한국씨엔에스팜,옥타&오메가3
옥타Z플러스,에스에스바이오팜,옥타Z플러스
옥타스포민,유니쎌팜,옥타스포민
옥타지,에스에스바이오팜,옥타지
옥타킹,다정,옥타킹
옥타프로틴,노바렉스,옥타프로틴
옥토홍삼차,대동고려삼,옥토홍삼차
온 머리 인지청,케이지앤에프,머리&인지청
온 오메가3,알피바이오,오메가3
온가족 눈건강 프리미엄 파워루테인,한국씨엔에스팜,온가족&눈건강&프리미엄&파워루테인
온가족 멀티비타민 플러스 미네랄,이앤에스,온가족&멀티비타민&플러스&미네랄
온가족 멀티비타민미네랄,비오팜,온가족&멀티비타민미네랄
온가족 생생 유산균,엠에스바이오텍,온가족&생생&유산균
온가족 생유산균,엠에스바이오텍,온가족&생유산균
온가족 생유산균 19 플러스,비오팜,온가족&생유산균&19&플러스
온가족 생유산균 200포,뉴팜,온가족&생유산균&200포
온가족 생유산균 골드,엠에스바이오텍,온가족&생유산균&골드
온가족 생유산균 골드,서흥,온가족&생유산균&골드
온가족 유산균 비타민D 아연,코스맥스엔비티,온가족&유산균&비타민D&아연
온가족 종합비타민&미네랄,코스맥스엔비티,온가족&종합비타민&미네랄
온가족 프리바이오틱스 포스트바이오틱스,우리바이오,온가족&프리바이오틱스&포스트바이오틱스
온가족 혼합 생 유산균 프로바이오틱스 비타민D 플러스 아연,비오팜,온가족&혼합&유산균&프로바이오틱스&비타민D&플러스&아연
온가족 혼합 생 유산균 프로바이오틱스 플러스 아연,비오팜,온가족&혼합&유산균&프로바이오틱스&플러스&아연
온가족 혼합생유산균 프로프리바이오틱스,맥널티바이오,온가족&혼합생유산균&프로프리바이오틱스
온가족면역업,대동고려삼,온가족면역업
온가족츄어블멀티비타민&미네랄,팜크로스,온가족츄어블멀티비타민&미네랄
온리비움,코스맥스엔비티,온리비움
온리원멀티비타민&미네랄,비엘헬스케어 2공장,온리원멀티비타민&미네랄
온야,케이지랩,온야
온에이지,케이지랩,온에이지
온유 알게메가 식물성오메가3,알피바이오,온유&알게메가&식물성오메가3
온톤 종합비타민&미네랄,한국씨엔에스팜,온톤&종합비타민&미네랄
온혈,케이지랩,온혈
온힘,케이지랩,온힘
올 뉴 분홍이 시즌4,미누스토리,분홍이&시즌4
올 뉴 초록이 시즌4,미누스토리,초록이&시즌4
올 댓 스킨,생명과학,스킨
올 댓 프로,씨티씨바이오,프로
올 인원 데일리팩,서흥,인원&데일리팩
올 케어 유산균 & 비타민C 프리바이오틱스,맥널티바이오,케어&유산균&비타민C&프리바이오틱스
올:담홍삼진,풍기진생영농조합법인,담홍삼진
올가릿 관절 MSM,아오스,올가릿&관절&MSM
올가브이 프로바이오틱스 다이어트 비타민 유산균,콜마비앤에이치음성공장,올가브이&프로바이오틱스&다이어트&비타민&유산균
올고眞 홍삼,엔에스티바이오,올고眞&홍삼
올곧은 홍삼스틱,고려원인삼,올곧은&홍삼스틱
올나잇 밀크씨슬 9플러스,한국바이오팜,올나잇&밀크씨슬&9플러스
올나잇 밀크씨슬 9플러스,한풍네이처팜,올나잇&밀크씨슬&9플러스
올나잇 옥타씨슬 구력이,한풍네이처팜,올나잇&옥타씨슬&구력이
올나잇밀크씨슬9플러스,미누스토리,올나잇밀크씨슬9플러스
올댓 다이어트,코스맥스엔비티,올댓&다이어트
올댓 다이어트 7플러스 검정이,미누스토리,올댓&다이어트&7플러스&검정이
올던 엔드다이어트,비오팜,올던&엔드다이어트
올데이 슬림컷,유유헬스케어,올데이&슬림컷
올데이 슬림컷,코스팜,올데이&슬림컷
올데이 액티브 신바이오틱스,엠에스바이오텍,올데이&액티브&신바이오틱스
올데이 퀵 밀크씨슬,비오팜,올데이&밀크씨슬
올데이 프리바이오틱스,엠에스바이오텍,올데이&프리바이오틱스
올데이알티지오메가3,리앤씨바이오,올데이알티지오메가3
올데이업 레드 홍삼,네이처텍,올데이업&레드&홍삼
올데이컷플러스,코스맥스바이오,올데이컷플러스
올라운드 멀티비타,비오팜,올라운드&멀티비타
올라이프 멀티팩,에스디생명공학 건강식품사업부문,올라이프&멀티팩
올라잇,엠에스바이오텍,올라잇
올라잇 루테인,상상바이오,올라잇&루테인
올라잇 멀티비타민 & 미네랄,상상바이오,올라잇&멀티비타민&미네랄
올라잇 프로바이오틱스,상상바이오,올라잇&프로바이오틱스
올라잇블루,두루원,올라잇블루
올레아 비타칸,팜크로스,올레아&비타칸
올레아 프로바이오틱스,콜마비앤에이치음성공장,올레아&프로바이오틱스
올레아 홍삼 유산균,콜마비앤에이치음성공장,올레아&홍삼&유산균
올레아 홍삼스틱,웰파인,올레아&홍삼스틱
올로메가3 DHA rTG 80,파이코일바이오텍코리아,올로메가3&DHA&rTG&80
올리고 쏘팔메토,유니쎌팜,올리고&쏘팔메토
올리버케어,팜크로스,올리버케어
올리즈,콜마비앤에이치음성공장,올리즈
올바른 다이어트 유산균 가르시니아 슬림,비오팜,올바른&다이어트&유산균&가르시니아&슬림
올바른 루테인12,한미양행,올바른&루테인12
올바른 멀티비타민,노비스바이오,올바른&멀티비타민
올바른 밀크씨슬9,노비스바이오,올바른&밀크씨슬9
올바른 밀크씨슬9,한미양행,올바른&밀크씨슬9
올바른 비타민B,노비스바이오,올바른&비타민B
올바른 생유산균 프로바이오틱스 비타민D,비오팜,올바른&생유산균&프로바이오틱스&비타민D
올바른 알티지 오메가3,한미양행,올바른&알티지&오메가3
올바른 알티지 오메가3,케이지앤에프,올바른&알티지&오메가3
올바른 와이 케어 프로바이오틱스 VL8,비오팜,올바른&와이&케어&프로바이오틱스&VL8
올바른 칼슘 마그네슘 비타민D 아연 망간,비오팜,올바른&칼슘&마그네슘&비타민D&아연&망간
올바른 흑홍삼스틱,농업회사법인한국삼,올바른&흑홍삼스틱
올바른건강 올바른 밀크씨슬,한미양행,올바른건강&올바른&밀크씨슬
올바른건강 올바른 알티지오메가3,한미양행,올바른건강&올바른&알티지오메가3
올브레인 홍삼,대동고려삼,올브레인&홍삼
올빼미 가르시니아,한미양행,올빼미&가르시니아
올빼미 카테킨,한미양행,올빼미&카테킨
올스타웨이 단백질 분말 초코맛,진명뉴트리션,올스타웨이&단백질&분말&초코맛
올스타웨이 단백질 분말 쿠키맛,진명뉴트리션,올스타웨이&단백질&분말&쿠키맛
올앳미 303 L-카르니틴 다이어트,콜마비앤에이치음성공장,올앳미&303&카르니틴&다이어트
올앳미 303 다이어트,알피바이오,올앳미&303&다이어트
올앳미 발효율피 24 다이어트,알피바이오,올앳미&발효율피&24&다이어트
올앳미 슬림핏 다이어트,콜마비앤에이치음성공장,올앳미&슬림핏&다이어트
올인원 관절,네추럴웨이 포천 제2공장,올인원&관절
올인원 뉴트리션 멀티비타민+,콜마비앤에이치음성공장,올인원&뉴트리션&멀티비타민
올인원 다이어트 녹차카테킨,한미양행,올인원&다이어트&녹차카테킨
올인원 다이어트 포스콜리,한미양행,올인원&다이어트&포스콜리
올인원 락토 생바이오틱스,동서바이오팜,올인원&락토&생바이오틱스
올인원 루테인 아스타잔틴,네이처퓨어코리아,올인원&루테인&아스타잔틴
올인원 루테인+알티지오메가3,유유헬스케어,올인원&루테인&알티지오메가3
올인원 맨즈팩,코스맥스엔비티,올인원&맨즈팩
올인원 멀티비타민 & 미네랄,비오팜,올인원&멀티비타민&미네랄
올인원 멀티비타민 포 맨,콜마비앤에이치음성공장,올인원&멀티비타민
올인원 멀티비타민&미네랄,이앤에스,올인원&멀티비타민&미네랄
올인원 멀티비타민미네랄,한미양행,올인원&멀티비타민미네랄
올인원 멀티팩,알피바이오,올인원&멀티팩
올인원 솔루션,유유헬스케어,올인원&솔루션
올인원 솔루션,알피바이오,올인원&솔루션
올인원 솔루션 멀티팩 종합비타민,알피바이오,올인원&솔루션&멀티팩&종합비타민
올인원 스터디팩,코스맥스엔비티,올인원&스터디팩
올인원 우먼팩,코스맥스엔비티,올인원&우먼팩
올인원 우먼팩Ⅰ,코스맥스엔비티,올인원&우먼팩Ⅰ
올인원 이뮨 액상 종합비타민,네추럴웨이 포천 제2공장,올인원&이뮨&액상&종합비타민
올인원 키즈팩,팜크로스,올인원&키즈팩
올인원 프로바이오틱스,서흥,올인원&프로바이오틱스
올인원 프로바이오틱스 100억,코스맥스엔비티,올인원&프로바이오틱스&100억
올인원멀티비타민,팜크로스,올인원멀티비타민
올인원케어,콜마비앤에이치음성공장,올인원케어
올칸,한국인삼공사,올칸
올커버 슬림 다이어트,우리바이오,올커버&슬림&다이어트
올컷다이어트 뷰티플러스,노바렉스,올컷다이어트&뷰티플러스
올케어발효홍삼,중원바이오팜,올케어발효홍삼
올케어오메가3-알티지,알피바이오,올케어오메가3&알티지
올키 듀얼 젤리 장 튼튼,코스맥스엔비티,올키&듀얼&젤리&튼튼
올키 생유산균,콜마비앤에이치음성공장,올키&생유산균
올키 아이눈엔 베타카로틴,코스맥스바이오,올키&아이눈엔&베타카로틴
올키 아이베리루테인,팜크로스,올키&아이베리루테인
올키 유산균 츄어블,팜크로스,올키&유산균&츄어블
올키홍삼젤리,코스맥스바이오,올키홍삼젤리
올키홍삼젤리 열대과일맛,코스맥스바이오,올키홍삼젤리&열대과일맛
올키홍삼젤리 열대과일맛,성이바이오,올키홍삼젤리&열대과일맛
올킬 미라클 컷,팜크로스,올킬&미라클
올킬 오비엑스 레몬밤 다이어트,콜마비앤에이치음성공장,올킬&오비엑스&레몬밤&다이어트
올트루 초임계 식물성 알티지 오메가3 1000,알피바이오,올트루&초임계&식물성&알티지&오메가3&1000
올트루 칼슘 마그네슘 비타민D+,알피바이오,올트루&칼슘&마그네슘&비타민D
올팻인마스터,오투바이오,올팻인마스터
옴므테리어 홍삼플러스,화진바이오코스메틱,옴므테리어&홍삼플러스
옵테인,알피바이오,옵테인
옵테인 에센셜,코스맥스엔비티,옵테인&에센셜
옵테인에프,코스맥스엔비티,옵테인에프
옵티 MSM,아람,옵티&MSM
옵티 엠에스엠 골드,콜마비앤에이치음성공장,옵티&엠에스엠&골드
옵티 엠에스엠 맥스 2000,한풍네이처팜,옵티&엠에스엠&맥스&2000
옵티MSM골드,동서바이오팜,옵티MSM골드
옵티리버,팜크로스,옵티리버
옵티마 밸런스 MSM,한풍네이처팜,옵티마&밸런스&MSM
옵티마 밸런스 멀티비타민 포 맨,팜크로스,옵티마&밸런스&멀티비타민
옵티마 밸런스 멀티비타민 포 우먼,팜크로스,옵티마&밸런스&멀티비타민&우먼
옵티마 밸런스 알티지 오메가3,코스맥스바이오,옵티마&밸런스&알티지&오메가3
옵티마 밸런스 코엔자임Q10,코스맥스바이오,옵티마&밸런스&코엔자임Q10
옵티마라피노스,팜크로스,옵티마라피노스
옵티머스트,한국씨엔에스팜,옵티머스트
옵티멀 서포트 패킷,코스맥스엔비티,옵티멀&서포트&패킷
옵티멈루테인20,비오팜,옵티멈루테인20
옵티엠에스엠,콜마비앤에이치음성공장,옵티엠에스엠
옵티엠에스엠,아리바이오에이치앤비,옵티엠에스엠
옵티엠에스엠2000,한국씨엔에스팜,옵티엠에스엠2000
옵티엠에스엠스포츠,아리바이오에이치앤비,옵티엠에스엠스포츠
옵티카루테인,비엘헬스케어 2공장,옵티카루테인
옵티클리어,유유헬스케어,옵티클리어
옵티키즈,팜크로스,옵티키즈
옵티키즈정,팜크로스,옵티키즈정
옵티헬스 굿나잇케어 락티움,노바렉스,옵티헬스&굿나잇케어&락티움
옵티헬스 멀크씨슬,한국바이오팜,옵티헬스&멀크씨슬
옵티헬스 발효홍삼,대동고려삼,옵티헬스&발효홍삼
옵티헬스 비건 초임계 알티지 오메가3,한풍네이처팜,옵티헬스&비건&초임계&알티지&오메가3
와이Y바이오틱스 더블케어,코스맥스엔비티,와이Y바이오틱스&더블케어
와이낫 프로바이오틱스,팜크로스,와이낫&프로바이오틱스
와이디츄어블 멀티비타민미네랄,네이처퓨어코리아,와이디츄어블&멀티비타민미네랄
와이디포유 관절쌩쌩,한국씨엔에스팜,와이디포유&관절쌩쌩
와이오리진프로바이오틱스,우리바이오,와이오리진프로바이오틱스
와이즈 MSM 글루코사민 비타민D,비오팜,와이즈&MSM&글루코사민&비타민D
와이즈 루테인 아스타잔틴 비타민D 6,한풍네이처팜,와이즈&루테인&아스타잔틴&비타민D
와이즈 루테인 패밀리,디에이치팜,와이즈&루테인&패밀리
와이즈 루테인아스타잔틴,한미양행,와이즈&루테인아스타잔틴
와이즈 멀티비타민 미네랄,비오팜,와이즈&멀티비타민&미네랄
와이즈 밀크씨슬 9 플러스,비오팜,와이즈&밀크씨슬&플러스
와이즈 알티지 오메가3 루테인 비타민D,한미양행,와이즈&알티지&오메가3&루테인&비타민D
와이즈 알티지오메가3 루테인 비타민D,한풍네이처팜,와이즈&알티지오메가3&루테인&비타민D
와이즈밸런스 감마리놀렌산 포우먼,콜마비앤에이치음성공장,와이즈밸런스&감마리놀렌산&포우먼
와이팻 다이어트,엠에스바이오텍,와이팻&다이어트
와일드 앤 프리,구안산업금산공장,와일드&프리
와일드 컷 망고,알피바이오,와일드&망고
와일드망고다이어트,한미양행,와일드망고다이어트
왕가비,대동고려삼,왕가비
왕과 황후,한국인삼내츄럴,왕과&황후
왕관홍삼액,구안산업금산공장,왕관홍삼액
왕비바디톡스,엠에스바이오텍,왕비바디톡스
왕의 귀환,비엘헬스케어,왕의&귀환
요거믹스,엠에스바이오텍,요거믹스
요로건강엔 크랜베리&프로바이오틱스 스틱파우더,한국인삼공사,요로건강엔&크랜베리&프로바이오틱스&스틱파우더
요로소 플러스,서흥,요로소&플러스
요로소스페셜A,서흥,요로소스페셜A
요미핏,한미양행,요미핏
요미핏,비오팜,요미핏
요미핏,콜마비앤에이치음성공장,요미핏
요미핏 스키니핏,콜마비앤에이치음성공장,요미핏&스키니핏
요잇,한풍네이처팜,요잇
요조레이디드림핏 가르시니아,콜마비앤에이치음성공장,요조레이디드림핏&가르시니아
요조레이디드림핏돌외잎,콜마비앤에이치음성공장,요조레이디드림핏돌외잎
요플레 닥터캡슐 간편한 밀크씨슬,빙그레 광주공장,요플레&닥터캡슐&간편한&밀크씨슬
용문진생,바이오에비뉴,용문진생
용상,코스맥스바이오,용상
우건비 간건강,알피바이오,우건비&간건강
우건비 스트레스건강,알피바이오,우건비&스트레스건강
우디선샤인 식물성 알티지 오메가3,한국씨엔에스팜,우디선샤인&식물성&알티지&오메가3
우디선샤인 초임계 알티지 오메가3 식물성캡슐 얼스9,케이지앤에프,우디선샤인&초임계&알티지&오메가3&식물성캡슐&얼스9
우디스웰 베이비 유산균 & 건조효모 비타민D,농업회사법인내츄럴엔,우디스웰&베이비&유산균&건조효모&비타민D
우루펜,노바렉스2공장,우루펜
우리 아이 똑똑 오메가3,한국씨엔에스팜,우리&아이&똑똑&오메가3
우리 아이 튼튼,네추럴웨이,우리&아이&튼튼
우리가족 루테인오메가3,한국씨엔에스팜,우리가족&루테인오메가3
우리가족 멀티비타민미네랄,한국씨엔에스팜,우리가족&멀티비타민미네랄
우리가족 생유산균,콜마비앤에이치음성공장,우리가족&생유산균
우리가족 신바이오틱스,네이처퓨어코리아,우리가족&신바이오틱스
우리가족 종합 비타민,네이처퓨어코리아,우리가족&종합&비타민
우리가족 프로바이오틱스,코스맥스엔비티,우리가족&프로바이오틱스
우리루테인에프,유니쎌팜,우리루테인에프
우리아이 건강엔 튼튼타민,팜크로스,우리아이&건강엔&튼튼타민
우리아이 눈에 좋은 루테인 플러스,바이오 로제트,우리아이&눈에&좋은&루테인&플러스
우리아이 멀티비타민 츄어블정,콜마비앤에이치음성공장,우리아이&멀티비타민&츄어블정
우리아이 면역엔 타요 홍삼스틱,다정,우리아이&면역엔&타요&홍삼스틱
우리아이 면역플러스 홍삼젤리,코스맥스엔비티,우리아이&면역플러스&홍삼젤리
우리아이 베타카로틴,비엘헬스케어 2공장,우리아이&베타카로틴
우리아이 쑥쑥 칼슘 비타민&미네랄,한국씨엔에스팜,우리아이&쑥쑥&칼슘&비타민&미네랄
우리아이 장엔 유산균 키즈,팜크로스,우리아이&장엔&유산균&키즈
우리아이기억력플러스,대동고려삼,우리아이기억력플러스
우리아이눈엔 루테인키즈,팜크로스,우리아이눈엔&루테인키즈
우리아이종합비타민,한미양행,우리아이종합비타민
우리아이첫유산균 프로바이오락 베이비 면역건강,풀무원건강생활,우리아이첫유산균&프로바이오락&베이비&면역건강
우리아이첫유산균 프로바이오락 베이비 뼈건강,풀무원건강생활,우리아이첫유산균&프로바이오락&베이비&뼈건강
우리아이홍삼쑥쑥,팜텍코리아,우리아이홍삼쑥쑥
우리아이홍삼튼튼,팜텍코리아,우리아이홍삼튼튼
우리엠에스엠골드360,두루원,우리엠에스엠골드360
우리엠에스엠골드파우더,두루원,우리엠에스엠골드파우더
우리집면역히어로,오투바이오,우리집면역히어로
우리집유산균뿡뿡,한풍네이처팜,우리집유산균뿡뿡
우리홍삼농축액 10,농업회사법인금산우리홍삼,우리홍삼농축액&10
우리홍삼농축액 23,농업회사법인금산우리홍삼,우리홍삼농축액&23
우리홍삼농축액 4.5,농업회사법인금산우리홍삼,우리홍삼농축액
우리홍삼농축액 7,농업회사법인금산우리홍삼,우리홍삼농축액
우먼 프로그램,태극제약,우먼&프로그램
우먼 프로바이오틱스,코스맥스엔비티,우먼&프로바이오틱스
우먼데일리,풀무원건강생활,우먼데일리
우먼비타민D,코스맥스바이오,우먼비타민D
우먼솔루션스틱,콜마비앤에이치음성공장,우먼솔루션스틱
우먼스 메가 밸런스 WOMEN'S MEGA BALANCE,한국씨엔에스팜,우먼스&메가&밸런스&WOMEN&MEGA&BALANCE
우먼스 울트라 메가,위너웰,우먼스&울트라&메가
우먼스 울트라 메가 더블 맥스,위너웰,우먼스&울트라&메가&더블&맥스
우먼스 울트라메가 액티브,노바렉스,우먼스&울트라메가&액티브
우먼스면역클래스,한국인삼내츄럴,우먼스면역클래스
우먼스베스트,한국씨엔에스팜,우먼스베스트
우먼스울트라메가,노바렉스,우먼스울트라메가
우먼스울트라메가 50+,노바렉스,우먼스울트라메가&50
우먼스포뮬라,아미코젠문산제2공장,우먼스포뮬라
우먼스포뮬라1미네랄,유니시티글로벌매뉴팩쳐링,우먼스포뮬라1미네랄
우먼스포뮬라2미네랄,유니시티글로벌매뉴팩쳐링,우먼스포뮬라2미네랄
우먼시크릿,풀무원건강생활,우먼시크릿
우먼즈 멀티비타민,콜마비앤에이치음성공장,우먼즈&멀티비타민
우먼케어 건강한질엔,코스맥스엔비티,우먼케어&건강한질엔
우먼케어 플렉스,우리바이오,우먼케어&플렉스
우먼케어플러스,비피도,우먼케어플러스
우먼핏사이즈,비오팜,우먼핏사이즈
우먼활력,네이처퓨어코리아,우먼활력
우슬등복합물,에이치엘사이언스,우슬등복합물
우아닥터 튼튼젤리 멀티비타민,비엘헬스케어,우아닥터&튼튼젤리&멀티비타민
우아하게 반쪽 보이차 다이어트,팜크로스,우아하게&반쪽&보이차&다이어트
우아한 메가바이오틱스,엠에스바이오텍,우아한&메가바이오틱스
우아한 메가바이오틱스 시크릿,엠에스바이오텍,우아한&메가바이오틱스&시크릿
우주화이버슬림,두루원,우주화이버슬림
우체국쇼핑 진홍삼정,대동고려삼,우체국쇼핑&진홍삼정
우체국쇼핑진홍삼스틱,대동고려삼,우체국쇼핑진홍삼스틱
우체국쇼핑홍삼정프리미엄,대동고려삼,우체국쇼핑홍삼정프리미엄
운동하는 여자,엠에스바이오텍,운동하는&여자
울랄라 익스텐션,팜텍코리아,울랄라&익스텐션
울랄라 익스텐션,우리바이오,울랄라&익스텐션
울트라 가뿐한 관절,노바렉스,울트라&가뿐한&관절
울트라 그린 업 스피루리나,엠에스바이오텍,울트라&그린&스피루리나
울트라 그린 핏 키토산,엠에스바이오텍,울트라&그린&키토산
울트라 눈 밝은 세상,노바렉스2공장,울트라&밝은&세상
울트라 메가 골드,위너웰,울트라&메가&골드
울트라 비타 액션,네추럴웨이 포천 제2공장,울트라&비타&액션
울트라 비타 액션,서흥헬스케어,울트라&비타&액션
울트라 비타민 맨,노바렉스,울트라&비타민
울트라 비타민 우먼,노바렉스,울트라&비타민&우먼
울트라 알티지오메가3,알피바이오,울트라&알티지오메가3
울트라 액티브 골드,위너웰,울트라&액티브&골드
울트라 제2의 봄,노바렉스2공장,울트라&제2의
울트라 프리바이오틱스 프락토올리고당,코스맥스엔비티,울트라&프리바이오틱스&프락토올리고당
울트라멀티비타민미네랄,유유헬스케어,울트라멀티비타민미네랄
울트라비타민미네랄M,유유헬스케어,울트라비타민미네랄M
울트라비타민미네랄W,유유헬스케어,울트라비타민미네랄W
울트라오메가3,콜마비앤에이치음성공장,울트라오메가3
울트라원,콜마비앤에이치음성공장,울트라원
울트라파워,스포츠바이오텍,울트라파워
울트라퓨어오메가3,서흥,울트라퓨어오메가3
웅기보,동서바이오팜,웅기보
웅진 알로에겔 플러스 다이어트,웅진식품,웅진&알로에겔&플러스&다이어트
웅진 알로에겔 플러스 망고맛,웅진식품,웅진&알로에겔&플러스&망고맛
웅진 알로에겔 플러스 멀티비타민,웅진식품,웅진&알로에겔&플러스&멀티비타민
웅진 알로에겔 플러스 프리미엄,웅진식품,웅진&알로에겔&플러스&프리미엄
웅진 어린이 홍삼,극동에치팜2공장,웅진&어린이&홍삼
워너랩 루테인오메가3,서흥,워너랩&루테인오메가3
워너랩 밀크씨슬,서흥,워너랩&밀크씨슬
워너버닝 다이어트α,서흥,워너버닝&다이어트α
워너비 슬림 잔티젠 다이어트,노바렉스2공장,워너비&슬림&잔티젠&다이어트
워너비키토산가르시니아,비오팜,워너비키토산가르시니아
워킹리버,팜크로스,워킹리버
워터 바이오틱스,코스맥스엔비티,워터&바이오틱스
원 데이 컷 리셋 핏,한국파비스알엔디,데이&리셋
원광 인지팍 관절팍,팜크로스,원광&인지팍&관절팍
원광경옥고,대동고려삼,원광경옥고
원광공진단,대동고려삼,원광공진단
원광쾌변데이,에스에스바이오팜,원광쾌변데이
원광효삼 옥고,원광제약,원광효삼&옥고
원광효삼 옥고 플러스,원광제약,원광효삼&옥고&플러스
원기정,콜마비앤에이치음성공장,원기정
원다이어트 슬림히트,허브큐어,원다이어트&슬림히트
원다이어트 슬림히트,엠에스바이오텍,원다이어트&슬림히트
원더 시크릿 퍼스트바이오틱스 프로바이오틱스 유산균 아연,코스맥스엔비티,원더&시크릿&퍼스트바이오틱스&프로바이오틱스&유산균&아연
원더 프로바이오틱스,엠에스바이오텍,원더&프로바이오틱스
원더라이너,알피바이오,원더라이너
원더루키 맛있츄어블 루테인 베타카로틴,코스맥스바이오,원더루키&맛있츄어블&루테인&베타카로틴
원더바디 라인11,한국바이오팜,원더바디&라인11
원더바디 바디44,한국바이오팜,원더바디&바디44
원더바디 살빠질시간,한국바이오팜,원더바디&살빠질시간
원더바이오틱스,소울네이처푸드,원더바이오틱스
원더풀 면역 알로에,알피바이오,원더풀&면역&알로에
원데이 마이크로바이옴 신바이오틱스,휴럼,원데이&마이크로바이옴&신바이오틱스
원데이 멀티비타민&미네랄,한국씨엔에스팜,원데이&멀티비타민&미네랄
원데이 밀크씨슬,다움,원데이&밀크씨슬
원데이 비타22,우리바이오,원데이&비타22
원데이 솔루션,한국씨엔에스팜,원데이&솔루션
원데이 토탈 뉴트리,뉴팜,원데이&토탈&뉴트리
원데이 토탈 모둠면역,뉴팜,원데이&토탈&모둠면역
원데이21,콜마비앤에이치음성공장,원데이21
원데이밸런스,한국네츄럴팜,원데이밸런스
원데이원 100억 프로바이오틱스,엠에스바이오텍,원데이원&100억&프로바이오틱스
원데이원스틱홍삼,풍기인삼농협,원데이원스틱홍삼
원데이컷 리셋 밸런스,한국파비스알엔디,원데이컷&리셋&밸런스
원데이프로바이오틱스,케이지랩,원데이프로바이오틱스
원데이홍삼정스틱,휴럼,원데이홍삼정스틱
원두가 들어간 아메리카노맛 다이어트,콜마비앤에이치음성공장,원두가&들어간&아메리카노맛&다이어트
원모어 부스터,팜투팜2공장,원모어&부스터
원바이오,엠에스바이오텍,원바이오
원스,휴온스푸디언스,원스
원스닥터 밸런스 멀티팩Ⅰ,바이오에비뉴,원스닥터&밸런스&멀티팩Ⅰ
원스원,팜투팜2공장,원스원
원스인어문 멀티비타민미네랄,서흥,원스인어문&멀티비타민미네랄
원어데이 다이어트 카테킨 비오틴,팜크로스,원어데이&다이어트&카테킨&비오틴
원어데이 멀티비타민 미네랄,코스맥스바이오,원어데이&멀티비타민&미네랄
원어데이6년근고려홍삼정프리미엄,극동에치팜2공장,원어데이6년근고려홍삼정프리미엄
원어데이종합비타민,엠에스바이오텍,원어데이종합비타민
원이즈올,알피바이오,원이즈올
원일홍삼마력 고,원일바이오,원일홍삼마력
원컷 다이어트,엠에스바이오텍,원컷&다이어트
원킬 다이어트 오비엑스 레몬밤,안지오랩,원킬&다이어트&오비엑스&레몬밤
원퍼데이 맥스 알티지 오메가3,콜마비앤에이치음성공장,원퍼데이&맥스&알티지&오메가3
원퍼데이 맥스 초임계 알티지 오메가3,콜마비앤에이치음성공장,원퍼데이&맥스&초임계&알티지&오메가3
원퍼데이 케어 알티지 오메가3,콜마비앤에이치음성공장,원퍼데이&케어&알티지&오메가3
원픽 레드,한독화장품,원픽&레드
원향엠에스엠,한국네츄럴팜,원향엠에스엠
원헌드레드MSM2000,에이치엔웨이,원헌드레드MSM2000
원헌드레드NAG,에이치엔웨이,원헌드레드NAG
원형,바이오에비뉴,원형
원형,한미양행,원형
원홍삼정,바산 고려홍삼,원홍삼정
월드MSM 분말,포항바이오파크,월드MSM&분말
월드라키즈,한미양행,월드라키즈
월야,유유헬스케어,월야
월야 오리지날,유유헬스케어,월야&오리지날
월화미인,건보,월화미인
웨이더 글루코사민 플러스 1500,서흥,웨이더&글루코사민&플러스&1500
웨이더 플러스 단백질,코스맥스엔비티,웨이더&플러스&단백질
웨이더 화이버,서흥,웨이더&화이버
웨이더다이어트가르시니아CLA플러스,서흥,웨이더다이어트가르시니아CLA플러스
웨이더다이어트씨엘에이,서흥,웨이더다이어트씨엘에이
웨이더아이비타민A,서흥,웨이더아이비타민A
웨이더아이비타민A프리미엄,서흥,웨이더아이비타민A프리미엄
웨이더팻버너,서흥,웨이더팻버너
웨이업 멀티비타민&미네랄,팜크로스,웨이업&멀티비타민&미네랄
웨이테크,엠에스바이오텍,웨이테크
웨이프로틴더블유피아이,엠에스바이오텍,웨이프로틴더블유피아이
웰너스 저온진공건조 홍삼농축분말P13,크레타바이오,웰너스&저온진공건조&홍삼농축분말P13
웰너스홍삼농축분말P10,크레타바이오,웰너스홍삼농축분말P10
웰너스홍삼농축분말P12,크레타바이오,웰너스홍삼농축분말P12
웰너스홍삼농축액A5,크레타바이오,웰너스홍삼농축액A5
웰너스홍삼농축액A8,크레타바이오,웰너스홍삼농축액A8
웰녹 관절짱,동서바이오팜,웰녹&관절짱
웰니스 홍삼스틱,케이지이,웰니스&홍삼스틱
웰니스 흑삼농축액,풍기특산물영농조합법인,웰니스&흑삼농축액
웰니스업 씨케이 7,한국씨엔에스팜,웰니스업&씨케이
웰니스칸골드,대동고려삼,웰니스칸골드
웰라인 발포 가르시니아 다이어트,토모,웰라인&발포&가르시니아&다이어트
웰라인 발포가르시니아 다이어트,토모,웰라인&발포가르시니아&다이어트
웰라인 발포가르시니아 다이어트,토모,웰라인&발포가르시니아&다이어트
웰러스 간에 좋은 밀크씨슬,엠에스바이오텍,웰러스&간에&좋은&밀크씨슬
웰러스 간에 좋은 밀크씨슬,팜투팜2공장,웰러스&간에&좋은&밀크씨슬
웰러스 눈에 좋은 오메가루테인,팜투팜2공장,웰러스&눈에&좋은&오메가루테인
웰러스 눈에 좋은 오메가루테인,한국씨엔에스팜,웰러스&눈에&좋은&오메가루테인
웰러스 다이어트 가르시니아,팜투팜2공장,웰러스&다이어트&가르시니아
웰러스 바른 밀크씨슬,팜투팜2공장,웰러스&바른&밀크씨슬
웰러스 바른 엠에스엠,팜투팜2공장,웰러스&바른&엠에스엠
웰러스 바른 핏 가르시니아,팜투팜2공장,웰러스&바른&가르시니아
웰러스 알티지 오메가3 1000,팜투팜2공장,웰러스&알티지&오메가3&1000
웰러스글루코사민,한국바이오팜,웰러스글루코사민
웰러스글루코사민,한국바이오팜,웰러스글루코사민
웰러스비타민A,한국바이오팜,웰러스비타민A
웰러스폴리시아포스트바이오틱스,바이오 로제트,웰러스폴리시아포스트바이오틱스
웰리브MSM 100,토모,웰리브MSM&100
웰메가 가르시니아,비오팜,웰메가&가르시니아
웰메가 간건강 밀크씨슬,알피바이오,웰메가&간건강&밀크씨슬
웰메가 루테인,알피바이오,웰메가&루테인
웰메가 루테인 아스타잔틴,알피바이오,웰메가&루테인&아스타잔틴
웰메가 루테인 프리미엄,한미양행,웰메가&루테인&프리미엄
웰메가 멀티비타민&미네랄,비오팜,웰메가&멀티비타민&미네랄
웰메가 멀티비타민&미네랄,알피바이오,웰메가&멀티비타민&미네랄
웰메가 밀크씨슬,알피바이오,웰메가&밀크씨슬
웰메가 세라티크,노바렉스,웰메가&세라티크
웰메가 쏘팔메토,알피바이오,웰메가&쏘팔메토
웰메가 쏘팔메토 프리미엄,한미양행,웰메가&쏘팔메토&프리미엄
웰메가 알로에 면역 젤리,알피바이오,웰메가&알로에&면역&젤리
웰메가 알티지 오메가3,알피바이오,웰메가&알티지&오메가3
웰메가 온가족 생유산균,비오팜,웰메가&온가족&생유산균
웰메가 칼슘마그네슘D,알피바이오,웰메가&칼슘마그네슘D
웰메가 풋사과 다이어트 젤리,알피바이오,웰메가&풋사과&다이어트&젤리
웰메가칼슘마그네슘D,비엘헬스케어 2공장,웰메가칼슘마그네슘D
웰메이드 MSM,팜크로스,웰메이드&MSM
웰메이드 밀크씨슬,엠에스바이오텍,웰메이드&밀크씨슬
웰메이드 알티지 오메가3,한국씨엔에스팜,웰메이드&알티지&오메가3
웰브라운다이어트,경성제약,웰브라운다이어트
웰빙 프로틴,비오팜,웰빙&프로틴
웰빙고려홍삼농축액,대한홍삼진흥공사 금산지점,웰빙고려홍삼농축액
웰빙글루코사민,유유헬스케어,웰빙글루코사민
웰빙라이프 홍삼스마트,한방바이오,웰빙라이프&홍삼스마트
웰빙멀티비타민,비엠제약,웰빙멀티비타민
웰빙프라임 N-아세틸글루코사민,허브큐어,웰빙프라임&아세틸글루코사민
웰빙프리미엄다이어트,엠에스바이오텍,웰빙프리미엄다이어트
웰빙홍삼,유유헬스케어,웰빙홍삼
웰슨 뷰티 히알루론 비타 부스트 Welson Beauty Hyaluron Vita Boost,한국씨엔에스팜,웰슨&뷰티&히알루론&비타&부스트&Welson&Beauty&Hyaluron&Vita&Boost
웰슨레드진생,한국씨엔에스팜,웰슨레드진생
웰슨뷰티,한국씨엔에스팜,웰슨뷰티
웰시루테인파워,유니쎌팜,웰시루테인파워
웰시루테인파워,유니쎌팜,웰시루테인파워
웰씨드 N-아세틸글루코사민,비엘헬스케어 2공장,웰씨드&아세틸글루코사민
웰씨드 데일리 멀티비타민미네랄,비엘헬스케어 2공장,웰씨드&데일리&멀티비타민미네랄
웰씨드 루테인,비엘헬스케어 2공장,웰씨드&루테인
웰씨드 루테인지아잔틴,비엘헬스케어 2공장,웰씨드&루테인지아잔틴
웰씨드 마디칼슘,비엘헬스케어 2공장,웰씨드&마디칼슘
웰씨드 멀티비타민미네랄,비엘헬스케어 2공장,웰씨드&멀티비타민미네랄
웰씨드 밀크씨슬,비엘헬스케어 2공장,웰씨드&밀크씨슬
웰씨드 밀크씨슬B,비엘헬스케어 2공장,웰씨드&밀크씨슬B
웰씨드 생유산균 프로바이오틱스,비엘헬스케어 2공장,웰씨드&생유산균&프로바이오틱스
웰씨드 알티지 오메가3,비엘헬스케어 2공장,웰씨드&알티지&오메가3
웰씨드 오메가3,비엘헬스케어 2공장,웰씨드&오메가3
웰씨드종합비타민,비엘헬스케어 2공장,웰씨드종합비타민
웰씬슬림다이어트B,토모,웰씬슬림다이어트B
웰씬정,노바렉스,웰씬정
웰키즈 유산균,콜마비앤에이치음성공장,웰키즈&유산균
웰키커 어린이츄어블오메가3,알피바이오,웰키커&어린이츄어블오메가3
웰키커 멀티비타민앤미네랄,디에이치팜,웰키커&멀티비타민앤미네랄
웰키커 어린이 유산균,디에이치팜,웰키커&어린이&유산균
웰키커Wellkicker어린이홍삼,한국씨엔에스팜,웰키커Wellkicker어린이홍삼
웰키커Wellkicker어린이홍삼,극동에치팜2공장,웰키커Wellkicker어린이홍삼
웰파인 슬림스틱,웰파인,웰파인&슬림스틱
웰파인다이어트식이섬유,유유헬스케어,웰파인다이어트식이섬유
위 솔보,알피바이오,솔보
위+장건강 메이트,에스디생명공학 건강식품사업부문,장건강&메이트
위간토탈케어,노바렉스,위간토탈케어
위간편케어,한국씨엔에스팜,위간편케어
위건강,한미양행,위건강
위건강 감초추출물,한국씨엔에스팜,위건강&감초추출물
위건강 케어,콜마비앤에이치음성공장,위건강&케어
위건강엔매스틱위간보,프롬바이오 익산공장,위건강엔매스틱위간보
위건강은 작약시크릿,코스맥스바이오,위건강은&작약시크릿
위나 더블 파워,한풍네이처팜,위나&더블&파워
위내력골드,한국인삼공사,위내력골드
위너웰 영양가득 비타충전 젤리,위너웰,위너웰&영양가득&비타충전&젤리
위담슈퍼바이오틱스알파,한국바이오건강,위담슈퍼바이오틱스알파
위담아티초크,비오팜,위담아티초크
위담프로바이오틱스알파,비엘헬스케어 2공장,위담프로바이오틱스알파
위대한 뿌리 관절엔,농업회사법인한국삼,위대한&뿌리&관절엔
위대한뿌리 홍삼정스틱,농업회사법인한국삼,위대한뿌리&홍삼정스틱
위드 비오틴,팜투팜2공장,위드&비오틴
위드바이오 편안해질 유산균,팜투팜2공장,위드바이오&편안해질&유산균
위드밸런스 알티지 오메가3,알피바이오,위드밸런스&알티지&오메가3
위드장프로,동서바이오팜,위드장프로
위로부터 간에게로 듀얼케어,위너웰,위로부터&간에게로&듀얼케어
위를위한안심,코스맥스바이오,위를위한안심
위솔보,노바렉스,위솔보
위슬로 메모리놀 프로,콜마비앤에이치음성공장,위슬로&메모리놀&프로
위슬로 알티지 오메가3,콜마비앤에이치음성공장,위슬로&알티지&오메가3
위슬로 초임계 알티지 오메가3,콜마비앤에이치음성공장,위슬로&초임계&알티지&오메가3
위슬로 카밍,콜마비앤에이치음성공장,위슬로&카밍
위슬로 키토시니아 더블액션,콜마비앤에이치음성공장,위슬로&키토시니아&더블액션
위시7,한국네츄럴팜,위시7
위아래진생후 수,네추럴웨이,위아래진생후
위아래홍경천 정,네추럴웨이,위아래홍경천
위앤굿,유유헬스케어,위앤굿
위앤업 밀크씨슬,비오팜,위앤업&밀크씨슬
위앤업 철분앤비타,비오팜,위앤업&철분앤비타
위엔작약074,코스맥스바이오,위엔작약074
위이지케어,콜마비앤에이치음성공장,위이지케어
위좋은작약,코스맥스바이오,위좋은작약
위즈담,비오팜,위즈담
위캔다이어트업,허브큐어,위캔다이어트업
위캔다이어트업,비오팜,위캔다이어트업
위크플랜 나이트,휴온스푸디언스,위크플랜&나이트
위타민에너지,네이처퓨어코리아,위타민에너지
위톱,콜마비앤에이치음성공장,위톱
위편한 간건강,케이지앤에프,위편한&간건강
위편한 간건강,한미양행,위편한&간건강
유-키즈,비티진,키즈
유거스 트리플케어,코스맥스바이오,유거스&트리플케어
유거스 그린에너지 업,종근당바이오,유거스&그린에너지
유거스 레이디챠밍 업,종근당바이오,유거스&레이디챠밍
유거스 실버 업,종근당바이오,유거스&실버
유거스 아이튼튼 업,종근당바이오,유거스&아이튼튼
유기농 6년근 홍삼농축액,영농조합법인 물댄동산,유기농&6년근&홍삼농축액
유기농 밀크씨슬,노바렉스,유기농&밀크씨슬
유기농 밀크씨슬,위너웰,유기농&밀크씨슬
유기농 밀크씨슬,바이오 로제트,유기농&밀크씨슬
유기농 밀크씨슬,네이처텍,유기농&밀크씨슬
유기농 밀크씨슬 퓨어,노바렉스,유기농&밀크씨슬&퓨어
유기농 밀크씨슬 프레스티지,노바렉스,유기농&밀크씨슬&프레스티지
유기농 밀크씨슬 프리미엄,바이오 로제트,유기농&밀크씨슬&프리미엄
유기농 밀크씨슬 프리미엄,노바렉스,유기농&밀크씨슬&프리미엄
유기농 밀크씨슬 프리미엄,바이오 로제트,유기농&밀크씨슬&프리미엄
유기농 밀크씨슬&멀티비타민 코어,한국씨엔에스팜,유기농&밀크씨슬&멀티비타민&코어
유기농 아기장군,코스맥스엔비티,유기농&아기장군
유기농 장대원,엠에스바이오텍,유기농&장대원
유기농 장대원,코스맥스엔비티,유기농&장대원
유기농 장대원 키즈,코스맥스엔비티,유기농&장대원&키즈
유기농 장대원 키즈,엠에스바이오텍,유기농&장대원&키즈
유기농 장케어 플랜,코스맥스엔비티,유기농&장케어&플랜
유기농 패밀리,코스맥스엔비티,유기농&패밀리
유기농 프로바이옴 키즈,코스맥스엔비티,유기농&프로바이옴&키즈
유기농 프로바이옴 패밀리,코스맥스엔비티,유기농&프로바이옴&패밀리
유기농 프리미엄 밀크씨슬,한국씨엔에스팜,유기농&프리미엄&밀크씨슬
유기농 프리바이오틱스,코스맥스엔비티,유기농&프리바이오틱스
유기농 프리바이오틱스,다움,유기농&프리바이오틱스
유기농 프리바이오틱스,노바렉스,유기농&프리바이오틱스
유기농 프리바이오틱스 스트롱,코스맥스엔비티,유기농&프리바이오틱스&스트롱
유기농 프리바이오틱스 스트롱,노바렉스,유기농&프리바이오틱스&스트롱
유기농 프리바이오틱스 에스,코스맥스엔비티,유기농&프리바이오틱스&에스
유기농 프리바이오틱스 에스,노바렉스,유기농&프리바이오틱스&에스
유기농 프리바이오틱스 키즈,코스맥스엔비티,유기농&프리바이오틱스&키즈
유기농 프리바이오틱스 키즈,노바렉스,유기농&프리바이오틱스&키즈
유기농 프리바이오틱스 패밀리,코스맥스엔비티,유기농&프리바이오틱스&패밀리
유기농 프리바이오틱스 패밀리,노바렉스,유기농&프리바이오틱스&패밀리
유기농 프리바이오틱스 퓨어,다움,유기농&프리바이오틱스&퓨어
유기농6년근홍삼농축액,영농조합법인 물댄동산,유기농6년근홍삼농축액
유기농발효홍삼농축액,대동고려삼,유기농발효홍삼농축액
유기농홍삼농축액,에스제이바이오텍,유기농홍삼농축액
유기농홍삼농축액,대동고려삼,유기농홍삼농축액
유기농홍삼분말,한국바이오건강,유기농홍삼분말
유기농홍삼분말,풍기인삼농협,유기농홍삼분말
유기농홍삼스틱,대동고려삼,유기농홍삼스틱
유기농홍삼정 프리미엄,대동고려삼,유기농홍삼정&프리미엄
유기홍삼천,세모,유기홍삼천
유기황 탐란 MSM Glucosamine,유니쎌팜,유기황&탐란&MSM&Glucosamine
유나이티드 홍삼진액,한국씨엔에스팜,유나이티드&홍삼진액
유나이티드면역다이어트와일드망고젤리,코스맥스바이오,유나이티드면역다이어트와일드망고젤리
유나이티드홍삼정,그린바이오,유나이티드홍삼정
유니멀티비타민&미네랄 스틱,에스엘에스,유니멀티비타민&미네랄&스틱
유니베라 슈퍼겔 W,네이처텍,유니베라&슈퍼겔
유니베라 웰니스 모닝업,네이처텍,유니베라&웰니스&모닝업
유니베라 프로바이오틱스,씨티씨바이오,유니베라&프로바이오틱스
유니비전2,서흥,유니비전2
유니시티 귀리식이섬유,유니시티글로벌매뉴팩쳐링,유니시티&귀리식이섬유
유니크 보연보,바이오 로제트,유니크&보연보
유니핏 비비드 슬림,바이오 로제트,유니핏&비비드&슬림
유니핏 스노우 워터풀,바이오 로제트,유니핏&스노우&워터풀
유닉스 엠에스엠 365 파워풀,유니쎌팜,유닉스&엠에스엠&365&파워풀
유단백가수분해물,네추럴웨이,유단백가수분해물
유로씨슬웰루션,서흥,유로씨슬웰루션
유마인 다이어트 엠,포항바이오파크,유마인&다이어트
유미 다이어트,이수바이오,유미&다이어트
유산균,노바렉스,유산균
유산균,콜마비앤에이치음성공장,유산균
유산균,생명과학,유산균
유산균 가르시니아 비타민C 다이어트 바이바이,노비스바이오,유산균&가르시니아&비타민C&다이어트&바이바이
유산균 가세리 휴민디,비피도,유산균&가세리&휴민디
유산균 다이어트 엑설런트 슬림,코스맥스엔비티,유산균&다이어트&엑설런트&슬림
유산균 다이어트 엑설런트 슬림,비오팜,유산균&다이어트&엑설런트&슬림
유산균 다이어트 트리플 에스,노비스바이오,유산균&다이어트&트리플&에스
유산균 면역플러스,서흥,유산균&면역플러스
유산균 살리바리우스 휴민유,비피도,유산균&살리바리우스&휴민유
유산균 스킨 플러스,노바렉스,유산균&스킨&플러스
유산균 앤 다이어트 비컴핏,팜크로스,유산균&다이어트&비컴핏
유산균 연구소 10억 프로바이오틱스,코스맥스엔비티,유산균&연구소&10억&프로바이오틱스
유산균 우먼,노바렉스,유산균&우먼
유산균 우먼 플러스,서흥,유산균&우먼&플러스
"유산균 증식 및 유해균 억제배변활동 원활, 장건강에 도움을 줄 수 있는프리미엄케어장",비오팜,유산균&증식&유해균&억제배변활동&원활&장건강에&도움을&있는프리미엄케어장
유산균 츄어블,엠에스바이오텍,유산균&츄어블
유산균 칼슘 락,풀무원건강생활,유산균&칼슘
유산균 키즈,노바렉스,유산균&키즈
유산균 키즈 플러스,서흥,유산균&키즈&플러스
유산균 톡톡,에스엘에스,유산균&톡톡
유산균 패밀리 플러스,콜마비앤에이치음성공장,유산균&패밀리&플러스
유산균 패밀리 플러스,서흥,유산균&패밀리&플러스
유산균 플러스,서흥,유산균&플러스
유산균 헬베티쿠스 것 10,비피도,유산균&헬베티쿠스&10
유산균 혼합 분말 GB,케비젠,유산균&혼합&분말&GB
유산균&메모리패스,코스맥스바이오,유산균&메모리패스
유산균&뷰티,코스맥스바이오,유산균&뷰티
유산균&키즈,코스맥스바이오,유산균&키즈
유산균56,한미양행,유산균56
유산균다이어트,코스맥스바이오,유산균다이어트
유산균다이어트3in1,프로바이오닉,유산균다이어트3in1
유산균마루 100억 프로바이오틱스,엠에스바이오텍,유산균마루&100억&프로바이오틱스
유산균발효다시마추출물,마린바이오프로세스,유산균발효다시마추출물
유산균발효마늘추출분말,현대바이오랜드 안산,유산균발효마늘추출분말
유산균발효완두단백분말CKDHC,메디언스,유산균발효완두단백분말CKDHC
유산균사랑 데일리,노비스바이오,유산균사랑&데일리
유산균사랑 올인원,노비스바이오,유산균사랑&올인원
유산균사랑 올인원,노바렉스,유산균사랑&올인원
유산균사랑 프리바이오틱스플러스,노비스바이오,유산균사랑&프리바이오틱스플러스
유산균으로 없었던일로,엠에스바이오텍,유산균으로&없었던일로
유산균의 아침,콜마비앤에이치음성공장,유산균의&아침
유산균플러스,코스맥스엔비티,유산균플러스
유산균혼합분말 엔브이피1704,엔비피헬스케어,유산균혼합분말&엔브이피1704
유산균혼합분말12 미누,씨티씨바이오,유산균혼합분말12&미누
유스스팬3,서흥,유스스팬3
유스팩터 항산화 컴플렉스 파우더,코스맥스엔비티,유스팩터&항산화&컴플렉스&파우더
유알엠 리얼미네랄 워터믹스,비티엔,유알엠&리얼미네랄&워터믹스
유어피엔티 겟슬림 다이어트,이앤에스,유어피엔티&겟슬림&다이어트
유어피엔티 겟슬림 다이어트,한국씨엔에스팜,유어피엔티&겟슬림&다이어트
유어피엔티 겟슬림 다이어트,노바렉스2공장,유어피엔티&겟슬림&다이어트
유어피엔티 멀티비타민미네랄 메가비,알피바이오,유어피엔티&멀티비타민미네랄&메가비
유어피엔티 영양밸런스,알피바이오,유어피엔티&영양밸런스
유어피엔티 터마신,한국씨엔에스팜,유어피엔티&터마신
유어피엔티 팻프리 다이어트,노바렉스,유어피엔티&팻프리&다이어트
유어피엔티 혈행 건강,알피바이오,유어피엔티&혈행&건강
유웰멀티비타,허브큐어,유웰멀티비타
유유 관절엔 MSM 프리미엄,엠에스바이오텍,유유&관절엔&MSM&프리미엄
유유 밀크씨슬,한국씨엔에스팜,유유&밀크씨슬
유유원삼 액,팜텍코리아,유유원삼
유유제약 프리미엄 달맞이꽃종자유 감마리놀렌산,한풍네이처팜,유유제약&프리미엄&달맞이꽃종자유&감마리놀렌산
유지,콜마비앤에이치음성공장,유지
유텐 유산균,코스맥스엔비티,유텐&유산균
유투바이오틱스 G 것 헬스,충청바이오텍,유투바이오틱스&헬스
유투바이오틱스 I 이뮤니티,충청바이오텍,유투바이오틱스&이뮤니티
유투바이오틱스 M 메타케어,충청바이오텍,유투바이오틱스&메타케어
유학글루코사민-K,비오팜,유학글루코사민
유한 루테인지아잔틴,서흥,유한&루테인지아잔틴
유한 루테인지아잔틴플러스,한미양행,유한&루테인지아잔틴플러스
유한 백수오 로얄,서흥,유한&백수오&로얄
유한 알티지 식물성오메가3,서흥,유한&알티지&식물성오메가3
유한 알티지 오메가3 미니,알피바이오,유한&알티지&오메가3&미니
유한 혈당케어 여주 리버플러스,콜마비앤에이치음성공장,유한&혈당케어&여주&리버플러스
유한 홍경천,서흥,유한&홍경천
유한m 메가 초임계 알티지오메가-3,한풍네이처팜,유한m&메가&초임계&알티지오메가
유한m 장생생프리바이오틱스,이앤에스,유한m&장생생프리바이오틱스
유한m 장엔프리바이오틱스,이앤에스,유한m&장엔프리바이오틱스
유한m 진관천,팜텍코리아,유한m&진관천
유한m 청관부,팜텍코리아,유한m&청관부
유한m 초임계 알티지오메가3,한풍네이처팜,유한m&초임계&알티지오메가3
유한m 홍삼프라임,한국지네틱바이오팜,유한m&홍삼프라임
유한m 루테인지아잔틴골드,노바렉스2공장,유한m&루테인지아잔틴골드
유한m 프리미엄멀티비타민미네랄,엠에스바이오텍,유한m&프리미엄멀티비타민미네랄
유한m루텐아이볼란테,비엘헬스케어 2공장,유한m루텐아이볼란테
유한m슈퍼닥터루테인,한국씨엔에스팜,유한m슈퍼닥터루테인
유한m슈퍼비젼아이루테인,한국씨엔에스팜,유한m슈퍼비젼아이루테인
유한m아이탑루테인골드,한국씨엔에스팜,유한m아이탑루테인골드
유한m아이파워루테인맥스,에스디생명공학 건강식품사업부문,유한m아이파워루테인맥스
유한m아이헬프루테인디파인,비엘헬스케어 2공장,유한m아이헬프루테인디파인
유한m에센셜 멀티비타민앤미네랄 포 우먼,한국씨엔에스팜,유한m에센셜&멀티비타민앤미네랄&우먼
유한m원관보,에스디생명공학 건강식품사업부문,유한m원관보
유한m종합비타민미네랄,한국씨엔에스팜,유한m종합비타민미네랄
유한m코엔자임볼란테,비엘헬스케어 2공장,유한m코엔자임볼란테
유한m코엔자임큐텐100mg,한국씨엔에스팜,유한m코엔자임큐텐100mg
유한m코엔자임큐텐포르테,비엘헬스케어 2공장,유한m코엔자임큐텐포르테
유한m코큐텐프리미엄,한국씨엔에스팜,유한m코큐텐프리미엄
유한백수오 프라임,서흥,유한백수오&프라임
유한엠 필즈 루테인,유니쎌팜,유한엠&필즈&루테인
유한헛개보감,서흥,유한헛개보감
유후에스정,동서바이오팜,유후에스정
육미엔:오MSM,유유헬스케어,육미엔&오MSM
육백만불맨지,비티진,육백만불맨지
윤관보 프리미엄,농업회사법인글로벌금산진생,윤관보&프리미엄
윤연숙진산골드,개성인삼농협,윤연숙진산골드
율:밸런스 코어근력,한국인삼공사,밸런스&코어근력
율:밸런스 코어단백,한국인삼공사,밸런스&코어단백
율:밸런스 코어단백 그린블렌드,한국인삼공사,밸런스&코어단백&그린블렌드
율:밸런스 코어인지,한국인삼공사,밸런스&코어인지
율피어트,한미양행,율피어트
율핏시크릿,코스맥스바이오,율핏시크릿
으뜸관절 MSM,바이오 로제트,으뜸관절&MSM
으뜸면역젤리,아리바이오에이치앤비,으뜸면역젤리
은하고려홍삼정캡슐,농업회사법인 삼흥,은하고려홍삼정캡슐
응큼젤리,콜마비앤에이치음성공장,응큼젤리
의간보,콜마비앤에이치음성공장,의간보
의사가 만든 근거기반 다이어트,코스맥스바이오,의사가&만든&근거기반&다이어트
의사가 만든 근거기반 종합비타민,코스맥스바이오,의사가&만든&근거기반&종합비타민
이 세상에서 내가 젤이뽀,아리바이오에이치앤비,세상에서&내가&젤이뽀
이-메가 이피에이,한풍네이처팜,메가&이피에이
이거머꼬나잇,노비스바이오,이거머꼬나잇
이거머꼬데이,노비스바이오,이거머꼬데이
이경제 아이생유산균뿡뿡,비오팜,이경제&아이생유산균뿡뿡
이나코프,농업회사법인헬스앤라이프,이나코프
이너 신바이오틱스,콜마비앤에이치음성공장,이너&신바이오틱스
이너 씨엘 라이트,팜크로스,이너&씨엘&라이트
이너 이뮨 알로에,노바렉스,이너&이뮨&알로에
이너 프로바이오틱스,다원바이오,이너&프로바이오틱스
이너 프로바이오틱스,엠에스바이오텍,이너&프로바이오틱스
이너 프로바이오틱스 아연,이앤에스,이너&프로바이오틱스&아연
이너+ 크랜바이오틱스,코스맥스엔비티,이너&크랜바이오틱스
이너고움,콜마비앤에이치음성공장,이너고움
이너공주,한미양행,이너공주
이너라이트,오투바이오,이너라이트
이너라이트,네이처퓨어코리아,이너라이트
이너락토 프로바이오틱스 VL8,우리바이오,이너락토&프로바이오틱스&VL8
이너락토뷰티,오투바이오,이너락토뷰티
이너락토플러스,비오팜,이너락토플러스
이너랩 간 건강엔N 밀크씨슬,유유헬스케어,이너랩&건강엔N&밀크씨슬
이너랩 디어맨 쏘팔옥타코사놀,알피바이오,이너랩&디어맨&쏘팔옥타코사놀
이너랩 멀티비타민 미네랄 이지퍼펙트,코스맥스바이오,이너랩&멀티비타민&미네랄&이지퍼펙트
이너랩 신바이오틱스,팜크로스,이너랩&신바이오틱스
이너랩 종합비타민 & 미네랄,비오팜,이너랩&종합비타민&미네랄
이너메이크-Ⅱ 굿나잇 테아닌,네추럴웨이,이너메이크&굿나잇&테아닌
이너메이트 히알루잇,한국씨엔에스팜,이너메이트&히알루잇
이너메이트40+,한국씨엔에스팜,이너메이트40
이너모아 다운부스트,한풍네이처팜,이너모아&다운부스트
이너모아 페미닌케어 눈 건강,콜마비앤에이치음성공장,이너모아&페미닌케어&건강
이너바이오 루테인 플러스,유유헬스케어,이너바이오&루테인&플러스
이너바이오 프로스트바이오틱스 프로바이오틱스,엠에스바이오텍,이너바이오&프로스트바이오틱스&프로바이오틱스
이너바이오 프리바이오틱스 FOS 에프오에스,엠에스바이오텍,이너바이오&프리바이오틱스&FOS&에프오에스
이너바이오코드 락토셀,디에이치팜,이너바이오코드&락토셀
이너바이오코드 슬림온 INNER BIOCODE Slim-On,디에이치팜,이너바이오코드&슬림온&INNER&BIOCODE&Slim&On
이너바이옴,팜크로스,이너바이옴
이너베라,콜마비앤에이치음성공장,이너베라
이너뷰 프로바이오 밸런스,코스맥스바이오,이너뷰&프로바이오&밸런스
이너뷰티 포 우먼,한국씨엔에스팜,이너뷰티&우먼
이너뷰티 피부 면역 유산균,코스맥스엔비티,이너뷰티&피부&면역&유산균
이너브레인 프로바이오틱스,팜크로스,이너브레인&프로바이오틱스
이너블라썸,코스맥스엔비티,이너블라썸
이너비 리바이탈 세라마이드,서흥,이너비&리바이탈&세라마이드
이너비트,두루원,이너비트
이너비트,노비스바이오,이너비트
이너서퍼 트리플 웨이브 다이어트,콜마비앤에이치음성공장,이너서퍼&트리플&웨이브&다이어트
이너센스 프로바이오틱스,우리바이오,이너센스&프로바이오틱스
이너셋 간건강 밀크씨슬 파워,코스팜,이너셋&간건강&밀크씨슬&파워
이너셋 관절건강 MSM,휴온스푸디언스 금산3공장,이너셋&관절건강&MSM
이너셋 관절건강 MSM,코스팜,이너셋&관절건강&MSM
이너셋 눈건강 루테인 아스타잔틴,한미양행,이너셋&눈건강&루테인&아스타잔틴
이너셋 다이어트 콜레우스 포스콜리,한풍네이처팜,이너셋&다이어트&콜레우스&포스콜리
이너셋 더 진한 홍삼 100스틱,휴온스푸디언스 금산3공장,이너셋&진한&홍삼&100스틱
이너셋 더 진한 홍삼 데일리스틱,휴온스푸디언스 금산3공장,이너셋&진한&홍삼&데일리스틱
이너셋 더 진한 홍삼 젤리스틱,휴온스푸디언스 금산3공장,이너셋&진한&홍삼&젤리스틱
이너셋 데일리 멀티비타민 미네랄,코스맥스바이오,이너셋&데일리&멀티비타민&미네랄
이너셋 살바이 타임,휴온스푸디언스,이너셋&살바이&타임
이너셋 스트레스 엘 테아닌 케어,한풍네이처팜,이너셋&스트레스&테아닌&케어
이너셋 장건강 슬림 바이오틱스 듀얼,엠에스바이오텍,이너셋&장건강&슬림&바이오틱스&듀얼
이너셋 장건강 프로바이오틱스 올인원,엠에스바이오텍,이너셋&장건강&프로바이오틱스&올인원
이너셋 혈행건강 알티지 오메가3 듀얼,한국씨엔에스팜,이너셋&혈행건강&알티지&오메가3&듀얼
이너셋 혈행건강 알티지 오메가3 듀얼,코스맥스바이오,이너셋&혈행건강&알티지&오메가3&듀얼
이너솔루션 포스트바이오틱스,포항바이오파크,이너솔루션&포스트바이오틱스
이너스 핑크,네이처퓨어코리아,이너스&핑크
이너스 히알루론산,한국씨엔에스팜,이너스&히알루론산
이너스탠다드 100억 유산균,코스맥스엔비티,이너스탠다드&100억&유산균
이너슬리밍,네추럴웨이,이너슬리밍
이너엔카페쏙빠지다,굿씨드,이너엔카페쏙빠지다
이너와이 프로바이오틱스,팜크로스,이너와이&프로바이오틱스
이너우먼 멀티바이타 포스트바이오틱스,팜크로스,이너우먼&멀티바이타&포스트바이오틱스
이너움이지다이어트액티브카테킨,엠에스바이오텍,이너움이지다이어트액티브카테킨
이너윌 유산균,코스맥스엔비티,이너윌&유산균
이너컷 오비엑스 레몬밤 다이어트,노바렉스,이너컷&오비엑스&레몬밤&다이어트
이너케어 간 프로텍트,남양유업나주공장,이너케어&프로텍트
이너케어 멀티비타민,남양유업나주공장,이너케어&멀티비타민
이너케어 위 프로텍트,남양유업나주공장,이너케어&프로텍트
이너케어 유산균 VL8 데일리 스위트,코스팜,이너케어&유산균&VL8&데일리&스위트
이너케어 장 프로텍트,남양유업나주공장,이너케어&프로텍트
이너케어 프리바이오틱스,노바렉스,이너케어&프리바이오틱스
이너풀 다이어트 비타민씨,성이바이오,이너풀&다이어트&비타민씨
이너풀 에이치,한국씨엔에스팜,이너풀&에이치
이너풀비타민씨,성이바이오,이너풀비타민씨
이너풀플러스,콜마비앤에이치음성공장,이너풀플러스
이너풀하이드로 촉촉한피부,코스맥스바이오,이너풀하이드로&촉촉한피부
이너프로바이오틱스유산균베네핏,이앤에스,이너프로바이오틱스유산균베네핏
이너프로틴,노바렉스,이너프로틴
이너프롬 데일리 멀티팩,콜마비앤에이치음성공장,이너프롬&데일리&멀티팩
이너플러스 여성유산균,콜마비앤에이치음성공장,이너플러스&여성유산균
이너플러스 프로바이오틱스,코스맥스엔비티,이너플러스&프로바이오틱스
이너플렉스 칼슘 & 글루코사민,알피바이오,이너플렉스&칼슘&글루코사민
이너피스,유유헬스케어,이너피스
이너피움 트윈컷팅,콜마비앤에이치음성공장,이너피움&트윈컷팅
이너피움 피부케어 유산균,프로바이오닉,이너피움&피부케어&유산균
이노무 프로바이오틱스,콜마비앤에이치음성공장,이노무&프로바이오틱스
이노베이 +알파,네이처퓨어코리아,이노베이&알파
이더블유엘 유산균,엠에스바이오텍,이더블유엘&유산균
이더블유엘 유산균 20억,엠에스바이오텍,이더블유엘&유산균&20억
이더블유엘 유산균 30억,엠에스바이오텍,이더블유엘&유산균&30억
이더블유엘 유산균 에스,엠에스바이오텍,이더블유엘&유산균&에스
이든 멀티 칼슘&마그네슘,비오팜,이든&멀티&칼슘&마그네슘
이든 씨케이 발효홍삼케이340,웰파인,이든&씨케이&발효홍삼케이340
이든멀티비타민,비오팜,이든멀티비타민
이든메가바이오틱스M 1,비피도,이든메가바이오틱스M
이든베타발효홍삼비에스피,비오팜,이든베타발효홍삼비에스피
이든포스트바이오틱스M 2,비피도,이든포스트바이오틱스M
이디 슬림다이어트,비오팜,이디&슬림다이어트
이디투스슬림다이어트,비오팜,이디투스슬림다이어트
이레관절쌩쌩MSM,고려홍삼원,이레관절쌩쌩MSM
이로운 유산균,동서바이오팜,이로운&유산균
이롬 내몸에귀하디귀한 효 홍삼플러스,태웅식품,이롬&내몸에귀하디귀한&홍삼플러스
이롬 더블슬림 다이어트,한풍네이처팜,이롬&더블슬림&다이어트
이롬 온가족 슈퍼 루테인,한국씨엔에스팜,이롬&온가족&슈퍼&루테인
이롬 이너뷰티밸런스,서흥헬스케어,이롬&이너뷰티밸런스
이롬셀이뮨푸드,한풍네이처팜,이롬셀이뮨푸드
이뮤노프라임골드,건우에프피,이뮤노프라임골드
이뮤놀 알지쓰리 골드,서흥헬스케어,이뮤놀&알지쓰리&골드
이뮤놀알지쓰리,서흥헬스케어,이뮤놀알지쓰리
이뮤니티 알로에 면역젤리,케이지랩,이뮤니티&알로에&면역젤리
이뮤니플러스,코스맥스바이오,이뮤니플러스
이뮨,콜마비앤에이치음성공장,이뮨
이뮨 듀오 멀티비타맥스,네추럴웨이 포천 제2공장,이뮨&듀오&멀티비타맥스
이뮨 바이탈 샷,네추럴웨이 포천 제2공장,이뮨&바이탈
이뮨 밸런스,한국씨엔에스팜,이뮨&밸런스
이뮨 싸이클,알피바이오,이뮨&싸이클
이뮨 알로에 젤리스틱,알피바이오,이뮨&알로에&젤리스틱
이뮨 에너지팩,알피바이오,이뮨&에너지팩
이뮨 에디션 오가닉,네이처텍,이뮨&에디션&오가닉
이뮨 엑소 프로바이오틱스 프리미엄,코스맥스바이오,이뮨&엑소&프로바이오틱스&프리미엄
이뮨 종합비타민,노바렉스,이뮨&종합비타민
이뮨 프로바이오틱스 100억 알파,뉴팜,이뮨&프로바이오틱스&100억&알파
이뮨베라,알피바이오,이뮨베라
이뮨베라 플러스,알피바이오,이뮨베라&플러스
이뮨스타,한미양행,이뮨스타
이뮨알파 플러스,한미양행,이뮨알파&플러스
이뮨올리고,농업회사법인 프라임팜,이뮨올리고
이뮨원 그린 프로틴,코스맥스엔비티,이뮨원&그린&프로틴
이뮨케어 진센,뉴트롬,이뮨케어&진센
이뮨푸드에스,비엘헬스케어 2공장,이뮨푸드에스
이뮨플러스 베타글루칸,코스맥스바이오,이뮨플러스&베타글루칸
이뮨플러스17,한미양행,이뮨플러스17
이바인 MSM,아람,이바인&MSM
이브 바이오틱스,비오팜,이브&바이오틱스
이브 우먼스 멀티플,노바렉스,이브&우먼스&멀티플
이브닝다이어트블루,엠에스바이오텍,이브닝다이어트블루
이븐이프 슬림 바이오틱스,유유헬스케어,이븐이프&슬림&바이오틱스
이븐이프 슬림 바이오틱스,아미코젠문산제2공장,이븐이프&슬림&바이오틱스
이소플라본 플러스,노바렉스,이소플라본&플러스
이안 MSM,아람,이안&MSM
이앤 관절킹,한국씨엔에스팜,이앤&관절킹
이앤 미쳤다욧,포항바이오파크,이앤&미쳤다욧
이앤케이 아연 rTG 오메가,네추럴웨이 포천 제2공장,이앤케이&아연&rTG&오메가
이에이치비 액티브,한미양행,이에이치비&액티브
이에프 400B,씨티씨바이오,이에프&400B
이에프 얼라이브핏 003,종근당바이오,이에프&얼라이브핏&003
이에프-200비,씨티씨바이오,이에프&200비
이엑스바이옴 프로바이오틱스 패밀리,엠에스바이오텍,이엑스바이옴&프로바이오틱스&패밀리
이엔케이 정상 면역 rTG 오메가,한풍네이처팜,이엔케이&정상&면역&rTG&오메가
이엠홍삼환골드플러스,바이오텍,이엠홍삼환골드플러스
이오니언시서스컷다이어트,코스맥스바이오,이오니언시서스컷다이어트
이오스타 쎄라맥스 슈티칼 엠에스엠,유니쎌팜,이오스타&쎄라맥스&슈티칼&엠에스엠
이오스타 이너 바이오코드 씨비,디에이치팜,이오스타&이너&바이오코드&씨비
이오스타 이너 바이오코드 엠지,디에이치팜,이오스타&이너&바이오코드&엠지
이정,바이오에비뉴,이정
이정,한미양행,이정
이젠,한국씨엔에스팜,이젠
이젠플러스,유니쎌팜,이젠플러스
이지 워터 다이어트,풀무원건강생활,이지&워터&다이어트
이지CLA,한국바이오팜,이지CLA
이지관절MSM 2000,한국맥널티,이지관절MSM&2000
이지눈사랑,한국씨엔에스팜,이지눈사랑
이지눈사랑,비엘헬스케어 2공장,이지눈사랑
이지다 실리마린,오투바이오,이지다&실리마린
이지다이어트 라이트,나주시천연색소산업화지원센터,이지다이어트&라이트
이지다이어트 액티브 가르시니아,한미양행,이지다이어트&액티브&가르시니아
이지다이어트 액티브 카테킨 알로에,한미양행,이지다이어트&액티브&카테킨&알로에
이지맘 신바이오틱스,비오팜,이지맘&신바이오틱스
이지먼스,한국씨엔에스팜,이지먼스
이지밀뷰티-L,풀무원건강생활,이지밀뷰티
이지밀크씨슬130,맥널티바이오,이지밀크씨슬130
이지스텝,풀무원건강생활,이지스텝
이지스텝 NAG,풀무원건강생활,이지스텝&NAG
이지슬리밍 잔티젠 다이어트,노바렉스2공장,이지슬리밍&잔티젠&다이어트
이지슬림 CLA 다이어트,한미양행,이지슬림&CLA&다이어트
이지씨지-테라,뉴트롬,이지씨지&테라
이지아이 드라이,한국씨엔에스팜,이지아이&드라이
이지아이 에이엠디,한국씨엔에스팜,이지아이&에이엠디
이지아이프로,한국씨엔에스팜,이지아이프로
이지앤하이,풍기인삼공사영농조합법인,이지앤하이
이지에스 새론나,화인내츄럴,이지에스&새론나
이지워크,엠에스바이오텍,이지워크
이지워크글루코사민,비오팜,이지워크글루코사민
이지컷 다이어트,허브큐어,이지컷&다이어트
이지퀵 다이어트,콜마비앤에이치음성공장,이지퀵&다이어트
이지푸,아오스,이지푸
이지프로바이오틱스17,맥널티바이오,이지프로바이오틱스17
이지플렉스 캡슐,제이비케이랩,이지플렉스&캡슐
이지하이키즈골드,비엘헬스케어 2공장,이지하이키즈골드
이케어 프로바이오틱스 프리미엄19유산균,비오팜,이케어&프로바이오틱스&프리미엄19유산균
이팍스 알티지 오메가3,노바렉스2공장,이팍스&알티지&오메가3
익수정,농업회사법인힐링팜,익수정
익수프리미엄 MSM 정,한미양행,익수프리미엄&MSM
익수프리미엄 rTG오메가3 연질캡슐,한미양행,익수프리미엄&rTG오메가3&연질캡슐
익수프리미엄 루테인아스타잔틴 캡슐,한미양행,익수프리미엄&루테인아스타잔틴&캡슐
익수프리미엄 멀티비타민,한미양행,익수프리미엄&멀티비타민
익수프리미엄 실리마린 캡슐,한미양행,익수프리미엄&실리마린&캡슐
익스트림 꼬막칼슘 마그네슘 비타민D&K,콜마비앤에이치음성공장,익스트림&꼬막칼슘&마그네슘&비타민D
익스트림 멀티비타민&미네랄,콜마비앤에이치음성공장,익스트림&멀티비타민&미네랄
익스트림 멀티비타민&미네랄,한미양행,익스트림&멀티비타민&미네랄
익스트림 밀크씨슬 플러스,콜마비앤에이치음성공장,익스트림&밀크씨슬&플러스
익스트림 알티지오메가3 1200,콜마비앤에이치음성공장,익스트림&알티지오메가3&1200
익스트림 초임계 r-TG 오메가3 1200,한미양행,익스트림&초임계&TG&오메가3&1200
익스트림 초임계 r-TG 오메가3 플러스,한미양행,익스트림&초임계&TG&오메가3&플러스
익스트림 초임계 알티지 오메가3,콜마비앤에이치음성공장,익스트림&초임계&알티지&오메가3
익스팬드게이너,엠에스바이오텍,익스팬드게이너
인 더 나잇 클리어티,농업회사법인내츄럴엔,나잇&클리어티
인 케어,코스맥스엔비티,케어
인-칼슘 앱솔브,한국씨엔에스팜,칼슘&앱솔브
인-칼슘 앱솔브,비오팜,칼슘&앱솔브
인-칼슘 앱솔브 플러스,한국씨엔에스팜,칼슘&앱솔브&플러스
인관절보,도담,인관절보
인디안구스베리C 키즈 유산균,서흥,인디안구스베리C&키즈&유산균
인마이비,상상바이오,인마이비
인빅터스 패밀리,한국씨엔에스팜,인빅터스&패밀리
인빅터스 프로,한국씨엔에스팜,인빅터스&프로
인산가 루테인 플러스+,콜마비앤에이치음성공장,인산가&루테인&플러스
인산가 식물성 엠에스엠,에스케이내추럴팜,인산가&식물성&엠에스엠
인산가 식물성 엠에스엠,유니쎌팜,인산가&식물성&엠에스엠
인산가 옵티 엠에스엠,콜마비앤에이치음성공장,인산가&옵티&엠에스엠
인산가 혈당엔 여주 플러스+,콜마비앤에이치음성공장,인산가&혈당엔&여주&플러스
인산가홍삼농축액플러스,비티진,인산가홍삼농축액플러스
인삼 농축액,케이지랩,인삼&농축액
인삼 농축액,풍기인삼농협,인삼&농축액
인삼 분말,풍기인삼농협,인삼&분말
인삼농축액,고려인삼제조,인삼농축액
인삼농축액,휴온스푸디언스 금산3공장,인삼농축액
인삼농축액,고려인삼과학,인삼농축액
인삼농축액,바산 고려홍삼,인삼농축액
인삼농축액,농업회사법인 삼흥,인삼농축액
인삼농축액,유림고려홍삼,인삼농축액
인삼농축액,풍기인삼농협,인삼농축액
인삼농축액,휴온스푸디언스 금산2공장,인삼농축액
인삼농축액,비티진,인삼농축액
인삼농축액,일화,인삼농축액
인삼농축액,삼진GNF,인삼농축액
인삼농축액,대동고려삼,인삼농축액
인삼농축액,고려원인삼,인삼농축액
인삼농축액 12,일화,인삼농축액&12
인삼농축액 15,뉴트라파낙스,인삼농축액&15
인삼농축액 20,구안산업금산공장,인삼농축액&20
인삼농축액,삼진GNF,인삼농축액
인삼농축액10,대동고려삼,인삼농축액10
인삼농축액10,케이지이,인삼농축액10
인삼농축액10,케이헬스푸드,인삼농축액10
인삼농축액11,건보,인삼농축액11
인삼농축액15,케이헬스푸드,인삼농축액15
인삼농축액7,진산사이언스,인삼농축액7
인삼농축액8,화인내츄럴,인삼농축액8
인삼농축액8,일화,인삼농축액8
인삼농축액,풍기특산물영농조합법인,인삼농축액
인삼농축액골드,대동고려삼,인삼농축액골드
인삼농축액골드,일화,인삼농축액골드
인삼농축액골드,화인내츄럴,인삼농축액골드
인삼농축액분말,삼진GNF,인삼농축액분말
인삼농축액분말,한풍네이처팜,인삼농축액분말
인삼농축액분말,휴온스푸디언스 금산3공장,인삼농축액분말
인삼농축액분말 25,구안산업금산공장,인삼농축액분말&25
인삼농축액분말 30,뉴트라파낙스,인삼농축액분말&30
인삼농축액분말10,대동고려삼,인삼농축액분말10
인삼농축액분말25,대동고려삼,인삼농축액분말25
인삼농축액분말25,대동고려삼,인삼농축액분말25
인삼농축액분말30,대동고려삼,인삼농축액분말30
인삼농축액분말플러스,대동고려삼,인삼농축액분말플러스
인삼농축액플러스,대동고려삼,인삼농축액플러스
인삼명장 프리미엄 홍삼스틱 30포,소백인삼영농조합법인,인삼명장&프리미엄&홍삼스틱&30포
인삼발효농축액,대동고려삼,인삼발효농축액
인삼발효추출분말,제너럴바이오,인삼발효추출분말
인삼분말,금산덕원인삼약초영농조합법인,인삼분말
인삼분말,풍기인삼농협,인삼분말
인삼분말,휴온스푸디언스 금산3공장,인삼분말
인삼분말,풍기특산물영농조합법인,인삼분말
인삼분말,충북인삼농협고려인삼창,인삼분말
인삼분말 9,일화,인삼분말
인삼분말9,진산사이언스,인삼분말9
인삼분말골드,화인내츄럴,인삼분말골드
인삼의힘,대동고려삼,인삼의힘
인삼정골드캡슐,일화,인삼정골드캡슐
인삼추출농축액,제너럴바이오,인삼추출농축액
인생 비타민,코스맥스엔비티,인생&비타민
인생 종합비타민,콜마비앤에이치음성공장,인생&종합비타민
인생 프로바이오틱스,콜마비앤에이치음성공장,인생&프로바이오틱스
인생관절,무주덕유산반딧골영농조합법인,인생관절
인생루테인&오메가3,콜마비앤에이치음성공장,인생루테인&오메가3
인생밀크씨슬,콜마비앤에이치음성공장,인생밀크씨슬
인생수면,비엘헬스케어 2공장,인생수면
인생컷 다이어트 가르시니아캄보지아추출물,한국씨엔에스팜,인생컷&다이어트&가르시니아캄보지아추출물
인생컷 다이어트 공액리놀레산,한국씨엔에스팜,인생컷&다이어트&공액리놀레산
인생컷 다이어트 녹차추출물,한국씨엔에스팜,인생컷&다이어트&녹차추출물
인생컷 프로틴 W,팜크로스,인생컷&프로틴
인생템 다이어트 리즈시절로,엠에스바이오텍,인생템&다이어트&리즈시절로
인생트리플바이오틱스,코스맥스엔비티,인생트리플바이오틱스
인생한방 슬리밍,노비스바이오,인생한방&슬리밍
인생한방 슬리밍 녹차카테킨 가르시니아 체지방 감소 다이어트 보조제,노바렉스,인생한방&슬리밍&녹차카테킨&가르시니아&체지방&감소&다이어트&보조제
인성 그린다이어트,아리바이오에이치앤비,인성&그린다이어트
인성 오메가3+멀티비타민&미네랄 멀티팩,디에이치팜,인성&오메가3&멀티비타민&미네랄&멀티팩
인성 홍삼 닥터,디에이치팜,인성&홍삼&닥터
인성생유산균프리미엄,디에이치팜,인성생유산균프리미엄
인성카라본글루코사민,코스맥스바이오,인성카라본글루코사민
인스24단백질파우더,콜마비앤에이치음성공장,인스24단백질파우더
인스킨밸런스,코스맥스바이오,인스킨밸런스
인앤아웃다이어트,서흥,인앤아웃다이어트
인제엠에스엠,한미양행,인제엠에스엠
인지Q관절엔데커신,뉴트라젠,인지Q관절엔데커신
인지·관절 솔루션 데커신 프로,웰파인,인지&관절&솔루션&데커신&프로
인지·관절엔 데커신 프로,팜크로스,인지&관절엔&데커신&프로
인지관절데커신프리미엄,코스맥스바이오,인지관절데커신프리미엄
인지생생,뉴트라젠,인지생생
인지업 관절엔 데커신 스틱,웰파인,인지업&관절엔&데커신&스틱
인지업관절엔데커신,풍기인삼농협,인지업관절엔데커신
인지엔 데커신,팜크로스,인지엔&데커신
인지팍 관절팍 데커신골드,세종바이오팜,인지팍&관절팍&데커신골드
인지팍관절팍,허브큐어,인지팍관절팍
인카운터 담청플러스,비오팜,인카운터&담청플러스
인카운터 자미젠,비오팜,인카운터&자미젠
인큐텐 멀티비타민 트리플 밸런스,코스맥스바이오,인큐텐&멀티비타민&트리플&밸런스
인큐텐 멀티비타민 트리플 플러스,코스맥스바이오,인큐텐&멀티비타민&트리플&플러스
인큐텐 아이루트,코스맥스바이오,인큐텐&아이루트
인크레더블 다이어트 카페,오투바이오,인크레더블&다이어트&카페
인크로비 다이어트 슬림 프로바이오틱스,코스맥스엔비티,인크로비&다이어트&슬림&프로바이오틱스
인크로비 면역 프로바이오틱스,코스맥스엔비티,인크로비&면역&프로바이오틱스
인크로비 장건강 프로바이오틱스,코스맥스엔비티,인크로비&장건강&프로바이오틱스
인터렉스,한미양행,인터렉스
인테로 관절건강 MSM 조인트 메타,엠에스바이오텍,인테로&관절건강&MSM&조인트&메타
인테로 눈건강 루테인 메타,케이지앤에프,인테로&눈건강&루테인&메타
인테로 루테인 오메가3 4중 복합 기능성 메타,한미양행,인테로&루테인&오메가3&4중&복합&기능성&메타
인테로 맨즈파워업 쏘팔메토 로르산 옥타코사놀 프리미엄,한미양행,인테로&맨즈파워업&쏘팔메토&로르산&옥타코사놀&프리미엄
인테로 멀티비타민 앤 미네랄 밸런스,비엘헬스케어 2공장,인테로&멀티비타민&미네랄&밸런스
인테로 알티지 rTG 오메가-3 메타,우리바이오,인테로&알티지&rTG&오메가&메타
인테로 알티지 rTG 오메가-3 메타,케이지앤에프,인테로&알티지&rTG&오메가&메타
인테로 알티지 오메가-3 먼슬리,케이지앤에프,인테로&알티지&오메가&먼슬리
인테로 장건강 좋아질 유산균,다원바이오,인테로&장건강&좋아질&유산균
인테로 초임계 비건 식물성 알티지 오메가3 프리미엄,한풍네이처팜,인테로&초임계&비건&식물성&알티지&오메가3&프리미엄
인테로 초임계 알티지 오메가3 플러스,우리바이오,인테로&초임계&알티지&오메가3&플러스
인테로 초임계 장용성 알티지 rTG 오메가3 프리미엄 EPA DHA,알피바이오,인테로&초임계&장용성&알티지&rTG&오메가3&프리미엄&EPA&DHA
인포맥스,일양약품,인포맥스
인핸스드 에센셜 혼합유산균,비엘헬스케어 2공장,인핸스드&에센셜&혼합유산균
일동 가르시니아 다이어트 플러스 777,비오팜,일동&가르시니아&다이어트&플러스&777
일동 갱년기 루바브 프리미엄,콜마비앤에이치음성공장,일동&갱년기&루바브&프리미엄
일동 관절진보원 프리미엄,비엘헬스케어,일동&관절진보원&프리미엄
일동 라이프케어 코큐텐 플러스,한국씨엔에스팜,일동&라이프케어&코큐텐&플러스
일동 라이프케어 프라임 루테인,한국씨엔에스팜,일동&라이프케어&프라임&루테인
일동 락토바실루스 람노서스 아이디씨씨 3201-5000,일동바이오사이언스,일동&락토바실루스&람노서스&아이디씨씨&3201&5000
일동 락토바실루스 루테리 아이디씨씨 3701,일동바이오사이언스,일동&락토바실루스&루테리&아이디씨씨&3701
일동 락토바실루스 카세이 아이디씨씨 3451,일동바이오사이언스,일동&락토바실루스&카세이&아이디씨씨&3451
일동 락토바실루스 플란타럼 아이디씨씨 3501-5000,일동바이오사이언스,일동&락토바실루스&플란타럼&아이디씨씨&3501&5000
일동 맘이야기,알피바이오,일동&맘이야기
일동 멀티비타민미네랄12액션,동서바이오팜,일동&멀티비타민미네랄12액션
일동 면역+프로틴 프리미엄,노바렉스,일동&면역&프로틴&프리미엄
일동 비피도박테리움 락티스 아이디씨씨 4301-5000,일동바이오사이언스,일동&비피도박테리움&락티스&아이디씨씨&4301&5000
일동 비피도박테리움 락티스 아이디씨씨 4301-6000,일동바이오사이언스,일동&비피도박테리움&락티스&아이디씨씨&4301&6000
일동 생유산균분말-3,일동바이오사이언스,일동&생유산균분말
일동 식물성 알티지오메가3 프리미엄,노바렉스2공장,일동&식물성&알티지오메가3&프리미엄
일동 아이레즈 프리미엄,노바렉스2공장,일동&아이레즈&프리미엄
일동 아이케어루테인 프리미엄,노바렉스2공장,일동&아이케어루테인&프리미엄
일동 알로에 면역플러스,알피바이오,일동&알로에&면역플러스
일동 알티지오메가3 프리미엄,노바렉스2공장,일동&알티지오메가3&프리미엄
일동 엔테로코커스 페시움 아이디씨씨 2102,일동바이오사이언스,일동&엔테로코커스&페시움&아이디씨씨&2102
일동 오늘도 프로틴,맥널티바이오,일동&오늘도&프로틴
일동 장용성 초임계 알티지 오메가3,한풍네이처팜,일동&장용성&초임계&알티지&오메가3
일동 쿼드락 10 플러스 분말,일동바이오사이언스,일동&쿼드락&10&플러스&분말
일동 트리플 비피더스,일동바이오사이언스,일동&트리플&비피더스
일동 프로바이오틱스-7,일동바이오사이언스,일동&프로바이오틱스
일동 프로바이오틱스-7 에프,일동바이오사이언스,일동&프로바이오틱스&에프
일동 프로바이오틱스-7 플러스,일동바이오사이언스,일동&프로바이오틱스&플러스
일동메가데커신골드,팜크로스,일동메가데커신골드
일동엘카르니틴정,서흥,일동엘카르니틴정
일동키즈복합유산균,일동바이오사이언스,일동키즈복합유산균
일동후디스 純 홍삼 으뜸아이,바이오 로제트,일동후디스&홍삼&으뜸아이
일양 MSM 뉴 파워 골드,비오팜,일양&MSM&파워&골드
일양 MSM 프리미엄,허브큐어,일양&MSM&프리미엄
일양 MSM 프리미엄,에스엘에스,일양&MSM&프리미엄
일양 MSM 헬프조인트,에스엘에스,일양&MSM&헬프조인트
일양 MSM+비타민D,한풍네이처팜,일양&MSM&비타민D
일양 가르시니아,이앤에스,일양&가르시니아
일양 간건강 밀크씨슬,이앤에스,일양&간건강&밀크씨슬
일양 관절케어솔루션,알피바이오,일양&관절케어솔루션
일양 눈 건강 간 건강 프로젝트,한미양행,일양&건강&건강&프로젝트
일양 눈건강 간건강 프로젝트,코스맥스엔비티,일양&눈건강&간건강&프로젝트
일양 눈건강루테인골드,우리바이오,일양&눈건강루테인골드
일양 다이어트 살빼고 변 비움,맥널티바이오,일양&다이어트&살빼고&비움
일양 락토 프리프로바이오틱스 골드,맥널티바이오,일양&락토&프리프로바이오틱스&골드
일양 루테인 프로,우리바이오,일양&루테인&프로
일양 루테인밀크씨슬,우리바이오,일양&루테인밀크씨슬
일양 멀티비타민,이앤에스,일양&멀티비타민
일양 뼈관절 솔루션 프리미엄,허브큐어,일양&뼈관절&솔루션&프리미엄
일양 슬림 다이어트 카테킨,이앤에스,일양&슬림&다이어트&카테킨
일양 아이크린 골드,한미양행,일양&아이크린&골드
일양 엠에스엠 분말,디에이치팜,일양&엠에스엠&분말
일양 엠에스엠 분말,콜마비앤에이치음성공장,일양&엠에스엠&분말
일양 오메가3루테인,한국바이오팜,일양&오메가3루테인
일양 전립선건강 눈건강 파워솔루션,한미양행,일양&전립선건강&눈건강&파워솔루션
일양 포스트바이오틱스 골드,이앤에스,일양&포스트바이오틱스&골드
일양 프락토올리고당,이앤에스,일양&프락토올리고당
일양 프로프리바이오틱스,이앤에스,일양&프로프리바이오틱스
일양6년근발효홍삼정,일양약품,일양6년근발효홍삼정
일양MSM100골드,허브큐어,일양MSM100골드
일양눈건강루테인골드,우리바이오,일양눈건강루테인골드
일양당밸런스원1,알피바이오,일양당밸런스원1
일양당밸런스원1,극동에치팜2공장,일양당밸런스원1
일양루테인아스타잔틴플러스,일양약품,일양루테인아스타잔틴플러스
일양루테인플러스,일양약품,일양루테인플러스
일양리프레시알파,한국씨엔에스팜,일양리프레시알파
일양뼈관절솔루션,세종바이오팜,일양뼈관절솔루션
일양뼈관절솔루션,허브큐어,일양뼈관절솔루션
일양살아있는프로바이오틱스장용캡슐,한풍네이처팜,일양살아있는프로바이오틱스장용캡슐
일양엠에스엠 프리미엄,에스케이내추럴팜,일양엠에스엠&프리미엄
일양헤파존골드,아리바이오에이치앤비,일양헤파존골드
일양헬스리버 헤파케어골드,팜크로스,일양헬스리버&헤파케어골드
일양호시절프리미엄,세종바이오팜,일양호시절프리미엄
일양히알루론산,유디바이오,일양히알루론산
일일일삼,건보,일일일삼
일화고려인삼농축액,일화,일화고려인삼농축액
일화고려인삼농축액분말,일화,일화고려인삼농축액분말
일화고려인삼농축차,일화,일화고려인삼농축차
일화고려인삼분말,일화,일화고려인삼분말
일화고려인삼분말캡슐,일화,일화고려인삼분말캡슐
일화고려인삼차,일화,일화고려인삼차
일화고려홍삼농축액,일화,일화고려홍삼농축액
일화고려홍삼분말,일화,일화고려홍삼분말
일화고려홍삼성분캡슐골드,일화,일화고려홍삼성분캡슐골드
일화고려홍삼차,일화,일화고려홍삼차
일화닥터삼,일화,일화닥터삼
일화인삼차,일화,일화인삼차
일화홍삼농축액,일화,일화홍삼농축액
임금님변,코스팜,임금님변
임자엽추출물,휴온스푸디언스,임자엽추출물
임팩트,알피바이오,임팩트
임팩트 멀티비타민 미네랄 23,비엘헬스케어 2공장,임팩트&멀티비타민&미네랄&23
임팩트 유산균,엠에스바이오텍,임팩트&유산균
임팩트 유산균 프리미엄,엠에스바이오텍,임팩트&유산균&프리미엄
임팩트 프로엠 플러스비,한국씨엔에스팜,임팩트&프로엠&플러스비
임팩트브이엠,콜마비앤에이치음성공장,임팩트브이엠
임팩트엠 플러스,한국씨엔에스팜,임팩트엠&플러스
잇니 플러스,휴온스푸디언스 금산3공장,잇니&플러스
잇니 플러스 키즈,휴온스푸디언스 금산3공장,잇니&플러스&키즈
잇리얼 드림티 블루베리맛,코스맥스엔비티,잇리얼&드림티&블루베리맛
잇앤번 듀오 Eat and Burn Duo,한풍네이처팜,잇앤번&듀오&Eat&and&Burn&Duo
잇츠 더블슬림,네이처퓨어코리아,잇츠&더블슬림
잇츠 톡,네이처퓨어코리아,잇츠
잇츠노멀 홍삼면역스틱 키즈,휴온스푸디언스 금산3공장,잇츠노멀&홍삼면역스틱&키즈
잇츠라인,중원바이오팜,잇츠라인
잇츠온 케어온 관절케어 프리미엄 골드,다정,잇츠온&케어온&관절케어&프리미엄&골드
잇츠컷타임 다이어트,한풍네이처팜,잇츠컷타임&다이어트
잇츠톡 파인,네이처퓨어코리아,잇츠톡&파인
잇츠핏 밀크씨슬,비오팜,잇츠핏&밀크씨슬
잇츠핏 알티지오메가3,비오팜,잇츠핏&알티지오메가3
잇츠핏조인트업,비오팜,잇츠핏조인트업
자녀사랑 멀티비타민-O,엠에스바이오텍,자녀사랑&멀티비타민
자녀사랑 멀티비타민-S,엠에스바이오텍,자녀사랑&멀티비타민
자녀사랑멀티비타민-G,엠에스바이오텍,자녀사랑멀티비타민
자녀사랑홍삼,대동고려삼,자녀사랑홍삼
자담6년근고려홍삼정스틱골드,농업회사법인한국삼,자담6년근고려홍삼정스틱골드
자랑가능,씨티씨바이오,자랑가능
자르당 탄수화물 가르시니아,콜마비앤에이치음성공장,자르당&탄수화물&가르시니아
자민경 몸앤홍삼 멀티 비타민 플러스,한국씨엔에스팜,자민경&몸앤홍삼&멀티&비타민&플러스
자민경 원기진고,휴온스푸디언스 금산2공장,자민경&원기진고
자벨린 패티 정,노바렉스,자벨린&패티
자삼인 홍삼정,한국인삼내츄럴,자삼인&홍삼정
자삼인홍삼정로얄,한국인삼내츄럴,자삼인홍삼정로얄
자생비책 비움다이어트,코스팜,자생비책&비움다이어트
자연가득 눈사랑 루테인,한미양행,자연가득&눈사랑&루테인
자연담은 유산균,코스맥스엔비티,자연담은&유산균
자연담은 유산균 10+,코스맥스엔비티,자연담은&유산균&10
자연만세 프리미엄 홍삼진,고려인삼제조,자연만세&프리미엄&홍삼진
자연만세 홍삼정 원데이밸런스,고려인삼제조,자연만세&홍삼정&원데이밸런스
자연순 정관력 프리미엄,농업회사법인글로벌금산진생,자연순&정관력&프리미엄
자연예감,한미양행,자연예감
자연의자생,유니쎌팜,자연의자생
자온프리미엄유산균,아오스,자온프리미엄유산균
자유다방 급쏙까페,굿씨드,자유다방&급쏙까페
자음미단,아모레퍼시픽,자음미단
자음보액,아모레퍼시픽,자음보액
자일로바이오틱스 듀얼,노바렉스,자일로바이오틱스&듀얼
자일로바이오틱스 키즈,노바렉스,자일로바이오틱스&키즈
자일리톨 케어,뉴팜,자일리톨&케어
자임혈 분말,한국씨엔에스팜,자임혈&분말
자임혈血,한국씨엔에스팜,자임혈血
자희쾌변석류맛,엠에스바이오텍,자희쾌변석류맛
작심 세 달,콜마비앤에이치음성공장,작심
작심두알,충청바이오텍,작심두알
잔티시아,노바렉스2공장,잔티시아
잔티움 나이트버닝,노바렉스,잔티움&나이트버닝
잔티젠,노바렉스2공장,잔티젠
잔티젠 600,노바렉스2공장,잔티젠&600
잔티젠 다이어트,노바렉스2공장,잔티젠&다이어트
잔티젠 에스,노바렉스2공장,잔티젠&에스
잔티젠 엑스 버닝 다이어트,노바렉스2공장,잔티젠&엑스&버닝&다이어트
잔티젠 올뉴 600,노바렉스2공장,잔티젠&올뉴&600
잘 빠진데이,비오팜,빠진데이
"잘, 쉼",디에이치팜,쉼
잘록 에스 밀크씨슬,동서바이오팜,잘록&에스&밀크씨슬
잘록디캡슐,유유헬스케어,잘록디캡슐
잘빼락 지음,허브큐어,잘빼락&지음
잘빼락 티나,허브큐어,잘빼락&티나
잘크톤 더 밝은 하루 사르륵,바이오에비뉴,잘크톤&밝은&하루&사르륵
잘크톤 더 장이 튼튼 사르륵,바이오에비뉴,잘크톤&장이&튼튼&사르륵
잘크톤 비타콜로,비엘헬스케어 2공장,잘크톤&비타콜로
잘크톤 쑥쑥 면역 생유산균,한풍네이처팜,잘크톤&쑥쑥&면역&생유산균
잘크톤 톡톡 면역 생유산균,바이오에비뉴,잘크톤&톡톡&면역&생유산균
잘크톤 튼트니 홍삼젤리,바이오 로제트,잘크톤&튼트니&홍삼젤리
잘테아 뺄테야,네추럴웨이,잘테아&뺄테야
잠백이 rTG오메가-3,한풍네이처팜,잠백이&rTG오메가
잠백이 멀티비타민&미네랄,우리바이오,잠백이&멀티비타민&미네랄
잠백이 멀티팩 비타민 & 미네랄,한풍네이처팜,잠백이&멀티팩&비타민&미네랄
잠백이 유산균,에스디생명공학 건강식품사업부문,잠백이&유산균
잠의신,비엘헬스케어 2공장,잠의신
잠자는 동안 슬리밍 다이어트,비엘헬스케어 2공장,잠자는&동안&슬리밍&다이어트
잠자는동안 슬리밍 다이어트,원일바이오,잠자는동안&슬리밍&다이어트
장 건강 10억 생 유산균,뉴트리케어,건강&10억&유산균
장 건강 프로바이오틱스,비오팜,건강&프로바이오틱스
장 건강엔 신바이오틱스,코스맥스엔비티,건강엔&신바이오틱스
장 건강엔 트리플 바이오틱스,코스맥스엔비티,건강엔&트리플&바이오틱스
장 집중케어 MPRO4,에치와이 천안공장,집중케어&MPRO4
장 피부 면역력엔 알로에,웰파인,피부&면역력엔&알로에
장& 포스트바이오틱스,코스맥스바이오,포스트바이오틱스
장&신바이오틱스,비오팜,신바이오틱스
장&피부 듀얼케어 MPRO4,에치와이 천안공장,피부&듀얼케어&MPRO4
장 편한 프로바이오틱스,노바렉스,편한&프로바이오틱스
장 편한 프리바이오틱스 4000,엠에스바이오텍,편한&프리바이오틱스&4000
장N365,코스맥스바이오,장N365
장·면역N K알로에겔,김정문알로에,면역N&K알로에겔
장가드 프로바이오틱스,엠에스바이오텍,장가드&프로바이오틱스
장건강,동서바이오팜,장건강
장건강,생명과학,장건강
장건강 100억 유산균,코스맥스엔비티,장건강&100억&유산균
장건강 락토 생유산균,한국바이오팜,장건강&락토&생유산균
장건강 마이크로바이옴 메가바이오틱스 프로&프리바이오틱스 생유산균,이앤에스,장건강&마이크로바이옴&메가바이오틱스&프로&프리바이오틱스&생유산균
장건강 앤 유산균,일동바이오사이언스,장건강&유산균
장건강 엔 메타 락토케어,에스디생명공학 건강식품사업부문,장건강&메타&락토케어
장건강 유산균 가르시니아 다이어트,아리바이오에이치앤비,장건강&유산균&가르시니아&다이어트
장건강 포스트바이오틱스,코스맥스엔비티,장건강&포스트바이오틱스
장건강 포스트바이오틱스,코스팜,장건강&포스트바이오틱스
장건강 프로바이오틱스,에스에스바이오팜,장건강&프로바이오틱스
장건강 프로바이오틱스,유유헬스케어,장건강&프로바이오틱스
장건강 프로바이오틱스 액티브,엠에스바이오텍,장건강&프로바이오틱스&액티브
장건강 프리바이오틱스 FOS,코스팜,장건강&프리바이오틱스&FOS
장건강 플러스 멀티바이오틱스,아오스,장건강&플러스&멀티바이오틱스
장건강메이트,콜마비앤에이치음성공장,장건강메이트
장건강보탬,한풍네이처팜,장건강보탬
장건강생유산균키즈,종근당건강,장건강생유산균키즈
장건강에 이롭 100억 유산균,락토메이슨,장건강에&이롭&100억&유산균
장건강엔 닥터유산균19,케이지랩,장건강엔&닥터유산균19
장건강엔 유산균&면역,코스맥스바이오,장건강엔&유산균&면역
장과 면역에 도움,생명과학,장과&면역에&도움
장까지 살아가는 바이오캡 유산균,코스맥스엔비티,장까지&살아가는&바이오캡&유산균
장다비움,에스에스바이오팜,장다비움
장다비움,바이오에비뉴,장다비움
장대원 간건강,팜크로스,장대원&간건강
장대원 관절 연골 MSM 2000,극동에치팜2공장,장대원&관절&연골&MSM&2000
장대원 네이처 팜,코스맥스엔비티,장대원&네이처
장대원 네이처 팜 키즈,코스맥스엔비티,장대원&네이처&키즈
장대원 네이처 플러스 CN,코스맥스엔비티,장대원&네이처&플러스&CN
장대원 눈 건강 알티지오메가3 루테인 아스타잔틴,알피바이오,장대원&건강&알티지오메가3&루테인&아스타잔틴
장대원 다이어트 가르시니아 800,극동에치팜2공장,장대원&다이어트&가르시니아&800
장대원 루테인 미니캡슐 100,알피바이오,장대원&루테인&미니캡슐&100
장대원 밀크씨슬 비타민B,네이처퓨어코리아,장대원&밀크씨슬&비타민B
장대원 밀크씨슬 플러스 비타민B,비오팜,장대원&밀크씨슬&플러스&비타민B
장대원 시크릿케어 프로바이오틱스 유산균,엠에스바이오텍,장대원&시크릿케어&프로바이오틱스&유산균
장대원 식물성 초임계 알티지 오메가3,알피바이오,장대원&식물성&초임계&알티지&오메가3
장대원 올인원 멀티비타민,극동에치팜2공장,장대원&올인원&멀티비타민
장대원 원데이 밸런스 멀티팩,비오팜,장대원&원데이&밸런스&멀티팩
장대원 체지방 다이어트 콜레우스포스콜리,비오팜,장대원&체지방&다이어트&콜레우스포스콜리
장대원 초임계 알티지 오메가3 플러스 비타민 D.E,알피바이오,장대원&초임계&알티지&오메가3&플러스&비타민
장대원 칼슘 마그네슘 아연 비타민D 플러스 망간,비오팜,장대원&칼슘&마그네슘&아연&비타민D&플러스&망간
장대원 프로바이오틱스 유산균,코스맥스엔비티,장대원&프로바이오틱스&유산균
장대원 프로바이오틱스 유산균 키즈,코스맥스엔비티,장대원&프로바이오틱스&유산균&키즈
장대원 프리바이오틱스,알피바이오,장대원&프리바이오틱스
장대원 피부촉촉 히알루론산&비타민A.D.E,코스맥스바이오,장대원&피부촉촉&히알루론산&비타민A
장대원 핑거루트 스킨 앤 다이어트,비엘헬스케어 2공장,장대원&핑거루트&스킨&다이어트
장대원 혈행 기억력 개선엔 은행잎 플러스,비엘헬스케어 2공장,장대원&혈행&기억력&개선엔&은행잎&플러스
장락 바이오 엔:오,비오팜,장락&바이오
장르몬 장패력,한국씨엔에스팜,장르몬&장패력
장미,생명과학,장미
장미시간,한미양행,장미시간
장바,콜마비앤에이치음성공장,장바
장바프로바이오틱스,콜마비앤에이치음성공장,장바프로바이오틱스
장박사다이어트,경성제약,장박사다이어트
장박사플러스다이어트,경성제약,장박사플러스다이어트
장반장 포스트바이오틱스 츄어블,팜크로스,장반장&포스트바이오틱스&츄어블
장밸런스 파워,노바렉스,장밸런스&파워
장사랑 프리바이오틱스,디비씨,장사랑&프리바이오틱스
장성팔진,네이처텍,장성팔진
장세움 포스트바이오틱스 마이크로바이옴,에스엘에스,장세움&포스트바이오틱스&마이크로바이옴
장솔루션,코스맥스엔비티,장솔루션
장수 6년근 홍삼정 진액스틱,일화,장수&6년근&홍삼정&진액스틱
장수 6년근홍삼정진액스틱스페셜플러스,대동고려삼,장수&6년근홍삼정진액스틱스페셜플러스
장수 6년근 홍삼정진액스틱 슈퍼프리미엄,대동고려삼,장수&6년근&홍삼정진액스틱&슈퍼프리미엄
장안에 올리고 프리바이오틱스,케이지앤에프,장안에&올리고&프리바이오틱스
장안에 화제 이뮨아이,코스맥스엔비티,장안에&화제&이뮨아이
장안에 화제 키즈,코스맥스엔비티,장안에&화제&키즈
장안에 화제 포커스,엠에스바이오텍,장안에&화제&포커스
장안에화제 넥스트,엠에스바이오텍,장안에화제&넥스트
장안에화제 넥스트 키즈,엠에스바이오텍,장안에화제&넥스트&키즈
장안에화제 넥스트 패밀리,엠에스바이오텍,장안에화제&넥스트&패밀리
장안에화제 멀티바이오틱스,엠에스바이오텍,장안에화제&멀티바이오틱스
장안에화제 액티브,코스맥스엔비티,장안에화제&액티브
장앤바이오틱스,한미양행,장앤바이오틱스
장에 쏙 프로바이오틱스 생유산균,비오팜,장에&프로바이오틱스&생유산균
장에 좋은 프로바이오틱스,비오팜,장에&좋은&프로바이오틱스
장에존 프리바이오틱스 4000,일양약품,장에존&프리바이오틱스&4000
장에존혼합유산균19,일양약품,장에존혼합유산균19
장에좋은 프로바이오틱스 셀렌 아연,콜마비앤에이치음성공장,장에좋은&프로바이오틱스&셀렌&아연
장엔Q큐,네추럴웨이,장엔Q큐
장엔신바이오틱스 플러스,엠에스바이오텍,장엔신바이오틱스&플러스
장엔케어 프로바이오틱스,비오팜,장엔케어&프로바이오틱스
장엔프리바이오틱스,에스엘에스,장엔프리바이오틱스
장온,네추럴웨이,장온
장올리고 프리바이오틱스,이앤에스,장올리고&프리바이오틱스
장용락,한국씨엔에스팜,장용락
장용성 슈퍼오메가-3,서흥,장용성&슈퍼오메가
장용성 알티지 오메가3,콜마비앤에이치음성공장,장용성&알티지&오메가3
장용성 알티지 오메가3 1600,콜마비앤에이치음성공장,장용성&알티지&오메가3&1600
장용성 알티지 오메가3 900,알피바이오,장용성&알티지&오메가3&900
장용성 알티지 오메가3 프로,코스맥스바이오,장용성&알티지&오메가3&프로
장용성 알티지오메가3,알피바이오,장용성&알티지오메가3
장용성 초임계 알티지 오메가3,한풍네이처팜,장용성&초임계&알티지&오메가3
장용성 초임계 알티지오메가3 1000 비타민D,한풍네이처팜,장용성&초임계&알티지오메가3&1000&비타민D
장용성 프로바이오틱스 플러스 100억,콜마비앤에이치음성공장,장용성&프로바이오틱스&플러스&100억
장을위한생유산균키즈6,종근당건강,장을위한생유산균키즈6
장이 튼튼 키즈,코스맥스엔비티,장이&튼튼&키즈
장이 편한 아침,콜마비앤에이치음성공장,장이&편한&아침
장이가벼워지지,코스맥스바이오,장이가벼워지지
장이싹싹,극동에치팜2공장,장이싹싹
장이청순까페,유유헬스케어,장이청순까페
장인6년근 고려홍삼정 프리미엄 진액 스틱,일화,장인6년근&고려홍삼정&프리미엄&진액&스틱
장인정신 에브리데이 100억 유산균 스탠다드,코스맥스엔비티,장인정신&에브리데이&100억&유산균&스탠다드
장인정신 에브리데이 100억 유산균 아연,코스맥스엔비티,장인정신&에브리데이&100억&유산균&아연
장인정신 에브리데이 100억 유산균 아연&비타민D,코스맥스엔비티,장인정신&에브리데이&100억&유산균&아연&비타민D
장인정신 에브리데이 100억 유산균 아이조아 비타민A,코스맥스엔비티,장인정신&에브리데이&100억&유산균&아이조아&비타민A
장인정신 에브리데이 엔바이오 루테인 아스타잔틴,한국씨엔에스팜,장인정신&에브리데이&엔바이오&루테인&아스타잔틴
장인정신 에브리데이 엔바이오 밀크씨슬,한국씨엔에스팜,장인정신&에브리데이&엔바이오&밀크씨슬
장인정신 에브리데이 유산균 연구소 닥터 츄어블,코스맥스엔비티,장인정신&에브리데이&유산균&연구소&닥터&츄어블
장인정신 에브리데이 코어 포스트바이옴 베이비,코스맥스엔비티,장인정신&에브리데이&코어&포스트바이옴&베이비
장인정신 에브리데이 코어 포스트바이옴 키즈 아연&비타민D,코스맥스엔비티,장인정신&에브리데이&코어&포스트바이옴&키즈&아연&비타민D
장인정신 에브리데이 키즈 멀티 비타 츄어블 레몬맛,코스맥스엔비티,장인정신&에브리데이&키즈&멀티&비타&츄어블&레몬맛
장인정신 에브리데이 키즈 멀티 비타 츄어블 초코맛,코스맥스엔비티,장인정신&에브리데이&키즈&멀티&비타&츄어블&초코맛
장인정신 에브리데이 튼튼지니어스 홍삼젤리,웰파인,장인정신&에브리데이&튼튼지니어스&홍삼젤리
장인정신 에브리데이 튼튼지니어스 홍삼진액,웰파인,장인정신&에브리데이&튼튼지니어스&홍삼진액
장인정신 에브리데이 퍼펙트원,한국씨엔에스팜,장인정신&에브리데이&퍼펙트원
장장,뉴팜,장장
장케어 복합다이어트,경성제약,장케어&복합다이어트
장케어 이중제형,풀무원다논,장케어&이중제형
장케어 프로바이오틱스,풀무원건강생활,장케어&프로바이오틱스
장쾌다이어트,에스에스바이오팜,장쾌다이어트
장쾌력 플러스,네추럴웨이,장쾌력&플러스
장쾌력슬림프로,두루원,장쾌력슬림프로
장쾌삼 어린이 홍삼왕,웅진식품,장쾌삼&어린이&홍삼왕
장쾌삼 어린이 홍삼왕 플러스,웅진식품,장쾌삼&어린이&홍삼왕&플러스
장쾌삼홍삼정스틱,농업회사법인에프앤비바이오,장쾌삼홍삼정스틱
장쾌삼홍삼정일품플러스,대동고려삼,장쾌삼홍삼정일품플러스
장쾌환365플러스,푸른바이오에스,장쾌환365플러스
장쾌활력골드,인성제약,장쾌활력골드
장트롤러 프로바이오틱스 부스터,서흥,장트롤러&프로바이오틱스&부스터
장튼튼프리바이오틱스,코스팜,장튼튼프리바이오틱스
장편안 프로바이오틱스,바이오 로제트,장편안&프로바이오틱스
장편한 라피노스,노비스바이오,장편한&라피노스
장포유 유산균 차전자피,한국바이오팜,장포유&유산균&차전자피
장프로그램다이어트I,에스에스바이오팜,장프로그램다이어트I
장프로그램다이어트Ⅱ,에스에스바이오팜,장프로그램다이어트Ⅱ
장피부면역 3중 기능 알로에겔 이뮨,웰파인,장피부면역&3중&기능&알로에겔&이뮨
장피부면역엔 알로에젤리,웰파인,장피부면역엔&알로에젤리
장핏 온가족 유산균,우리바이오,장핏&온가족&유산균
저녁대신 디에스,드림바이오,저녁대신&디에스
저녁대신 디에스,바이오 로제트,저녁대신&디에스
저녁대신 마시는 다이어트,드림바이오,저녁대신&마시는&다이어트
저녁먹고 에프터,드림바이오,저녁먹고&에프터
저녁먹고 에프터,바이오 로제트,저녁먹고&에프터
저녁엔 오메가3,코스맥스엔비티,저녁엔&오메가3
저녁후에 마시는 다이어트,드림바이오,저녁후에&마시는&다이어트
저래도 옹,씨티씨바이오,저래도
저분자발효고려홍삼진액,고려홍삼원,저분자발효고려홍삼진액
저분자발효홍삼365스틱,고려홍삼원,저분자발효홍삼365스틱
저분자발효홍삼진액,고려홍삼원,저분자발효홍삼진액
저분자홍삼정,고려홍삼원,저분자홍삼정
저분자홍삼정판타스틱,고려홍삼원,저분자홍삼정판타스틱
저분자홍삼진액,고려홍삼원,저분자홍삼진액
저스트 두 잇 프로바이오틱스,팜크로스,저스트&프로바이오틱스
저스트 원 다이어트 앤 뷰티,태웅식품,저스트&다이어트&뷰티
저스트 피부 유산균,다원바이오,저스트&피부&유산균
저스트포맨,에스에스바이오팜,저스트포맨
저스트핏 뉴슬림플러스,농업회사법인이비채,저스트핏&뉴슬림플러스
저스트핏 슬림플러스,농업회사법인이비채,저스트핏&슬림플러스
저온 초임계 추출을 통한 식물성 알티지 오메가3,알피바이오,저온&초임계&추출을&통한&식물성&알티지&오메가3
저온 초임계 추출을 통한 식물성 알티지 오메가3,비엘헬스케어 2공장,저온&초임계&추출을&통한&식물성&알티지&오메가3
저온진공건조 홍삼농축액8,진산사이언스,저온진공건조&홍삼농축액8
저온진공건조 홍삼농축액분말15,진산사이언스,저온진공건조&홍삼농축액분말15
저온진공건조 홍삼농축액분말6,진산사이언스,저온진공건조&홍삼농축액분말6
저온진공건조 홍삼분말,진산사이언스,저온진공건조&홍삼분말
저온진공건조 홍삼분말 골드,진산사이언스,저온진공건조&홍삼분말&골드
저온진공건조홍삼농축액10,크레타바이오,저온진공건조홍삼농축액10
저온진공건조홍삼농축액7,크레타바이오,저온진공건조홍삼농축액7
저온초임계 루테인아스타잔틴,한미양행,저온초임계&루테인아스타잔틴
전립쎈 쏘팔메토골드업,한국씨엔에스팜,전립쎈&쏘팔메토골드업
전제황의 궁솔,우리바이오,전제황의&궁솔
전칠삼추출물 등 복합물,오스코텍,전칠삼추출물&복합물
전홍삼,김포파주인삼농업협동조합,전홍삼
전홍삼,유한양행,전홍삼
전홍삼 스틱 마일드,김포파주인삼농업협동조합,전홍삼&스틱&마일드
전홍삼 홍삼농축액,김포파주인삼농업협동조합,전홍삼&홍삼농축액
전홍삼스틱,다정,전홍삼스틱
전홍삼키즈스틱,다정,전홍삼키즈스틱
전홍삼키즈젤리,젠푸드,전홍삼키즈젤리
전홍삼프리미엄 홍삼농축액,김포파주인삼농업협동조합,전홍삼프리미엄&홍삼농축액
점프스타트,서흥,점프스타트
점프업 하이정,노바렉스,점프업&하이정
점프업하이정 플러스,노바렉스,점프업하이정&플러스
정 홍삼,알피바이오,홍삼
정거멀즈,서흥,정거멀즈
정관장 고려삼분,한국인삼공사,정관장&고려삼분
정관장 고려삼분EVERYTIME,한국인삼공사,정관장&고려삼분EVERYTIME
정관장 바이탈 토닉,한국인삼공사,정관장&바이탈&토닉
정관장 인삼대추분,한국인삼공사,정관장&인삼대추분
정관장 홍삼분캡슐,한국인삼공사,정관장&홍삼분캡슐
정관장 홍삼정,한국인삼공사,정관장&홍삼정
정관장 홍삼정로얄,한국인삼공사,정관장&홍삼정로얄
정관장 홍삼정화액,한국인삼공사,정관장&홍삼정화액
정관장 홍삼정화캡슐,한국인삼공사,정관장&홍삼정화캡슐
정관장 홍삼활력플러스,한국인삼공사,정관장&홍삼활력플러스
정관장홍삼정환,한국인삼공사,정관장홍삼정환
정삼관에브리데이홍삼타임,대동고려삼,정삼관에브리데이홍삼타임
정삼관에브리데이홍삼타임테이스티,대동고려삼,정삼관에브리데이홍삼타임테이스티
정삼헌 365 튼튼 고려홍삼정 진액 스틱,일화,정삼헌&365&튼튼&고려홍삼정&진액&스틱
정상적인 면역기능에 필요한 이뮨리버,한국씨엔에스팜,정상적인&면역기능에&필요한&이뮨리버
정성가득 6년근 홍삼정 프리미엄,휴온스푸디언스 금산3공장,정성가득&6년근&홍삼정&프리미엄
정성담은 보양홍삼,바이오 로제트,정성담은&보양홍삼
정성담은 홍삼정,농업회사법인한국삼,정성담은&홍삼정
정성담은천옥고,농업회사법인한국삼,정성담은천옥고
정성원홍삼다이어트,엠에스바이오텍,정성원홍삼다이어트
정제어유혼합액,코스맥스엔비티,정제어유혼합액
정직한 가르시니아 2800,한미양행,정직한&가르시니아&2800
정직한 가르시니아 2800 플러스,한미양행,정직한&가르시니아&2800&플러스
정직한 비타민,네이처퓨어코리아,정직한&비타민
정직한삼 정성가득 진한 홍삼정 프리미엄,휴온스푸디언스 금산3공장,정직한삼&정성가득&진한&홍삼정&프리미엄
정진당 에브리원 홍삼타임,대동고려삼,정진당&에브리원&홍삼타임
제나선다이어트차,화인에프티,제나선다이어트차
제너럴 밸런스 W솔루션프라임,제너럴바이오,제너럴&밸런스&W솔루션프라임
제너럴 밸런스 레드 알티지 오메가3,알피바이오,제너럴&밸런스&레드&알티지&오메가3
제너럴 밸런스 루테인지아잔틴,노바렉스2공장,제너럴&밸런스&루테인지아잔틴
제너럴 밸런스 메모리 포뮬러,제너럴바이오,제너럴&밸런스&메모리&포뮬러
제너럴 밸런스 밀크씨슬,제너럴바이오,제너럴&밸런스&밀크씨슬
제너럴 밸런스 바이탈 포뮬러,제너럴바이오,제너럴&밸런스&바이탈&포뮬러
제너럴 밸런스 뷰티부스터,제너럴바이오,제너럴&밸런스&뷰티부스터
제너럴 밸런스 식물성 MSM,제너럴바이오,제너럴&밸런스&식물성&MSM
제너럴 밸런스 에너지,코스맥스엔비티,제너럴&밸런스&에너지
제너럴 밸런스 키즈 맥스 츄어블,코스맥스엔비티,제너럴&밸런스&키즈&맥스&츄어블
제너럴 쏘팔메토,알피바이오,제너럴&쏘팔메토
제너럴밸런스 '키즈' 멀티 비타민,네이처퓨어코리아,제너럴밸런스&키즈&멀티&비타민
제너럴밸런스 MSM,유유헬스케어,제너럴밸런스&MSM
제너럴밸런스 W솔루션,유유헬스케어,제너럴밸런스&W솔루션
제너럴밸런스 루테인,제너럴바이오,제너럴밸런스&루테인
제너럴밸런스 밀크씨슬,유유헬스케어,제너럴밸런스&밀크씨슬
제너럴밸런스 쏘팔메토,알피바이오,제너럴밸런스&쏘팔메토
제너럴밸런스 오메가3,제너럴바이오,제너럴밸런스&오메가3
제너럴밸런스 종합바이타민,유유헬스케어,제너럴밸런스&종합바이타민
제너럴밸런스 진생 오리지널,유유헬스케어,제너럴밸런스&진생&오리지널
제너럴밸런스 진생 프리미엄,유유헬스케어,제너럴밸런스&진생&프리미엄
제너럴밸런스 진생에스S,유유헬스케어,제너럴밸런스&진생에스S
제네스,바이오 로제트,제네스
제노핏 다운,충청바이오텍,제노핏&다운
제노핏 플러스,충청바이오텍,제노핏&플러스
제니 AC 프로 Gennie AC pro,한국씨엔에스팜,제니&AC&프로&Gennie&AC&pro
제니랩 다이어트레시피,네이처텍,제니랩&다이어트레시피
제니스,코스맥스엔비티,제니스
제담원 시그니처 홍삼스틱 진세노사이드40,농업회사법인개성상인,제담원&시그니처&홍삼스틱&진세노사이드40
제대로근,코스팜,제대로근
제로 윈,비엘헬스케어,제로
제로공식,농업회사법인원네스팜,제로공식
제로그레비 티 그린,다원바이오,제로그레비&그린
제로메이트 그린,휴온스푸디언스 금산3공장,제로메이트&그린
제로메이트 옐로우,휴온스푸디언스 금산3공장,제로메이트&옐로우
제로브이,코스맥스바이오,제로브이
제로수秀,휴온스푸디언스,제로수秀
제로슬림,우리바이오,제로슬림
제로존 다이어트,유유헬스케어,제로존&다이어트
제로존파코스,키토라이프,제로존파코스
제로핏,한국씨엔에스팜,제로핏
제시쥬시 변한 슬림핏 화이바,두루원,제시쥬시&변한&슬림핏&화이바
제우스실버포맨,유유헬스케어,제우스실버포맨
제이더블유 중외식물유래 엠에스엠,에스케이내추럴팜,제이더블유&중외식물유래&엠에스엠
제이루테인,우리바이오,제이루테인
제이비티,콜마비앤에이치음성공장,제이비티
제이엠솔루션 라이프 퍼스트핏 프로바이오틱스,엠에스바이오텍,제이엠솔루션&라이프&퍼스트핏&프로바이오틱스
제이엠솔루션라이프 드림데이 슬림업 가르시니아,엠에스바이오텍,제이엠솔루션라이프&드림데이&슬림업&가르시니아
제이엠칼마본,에스에스바이오팜,제이엠칼마본
제이와이 바이오틱톡 멀티비타민,세종바이오팜,제이와이&바이오틱톡&멀티비타민
제이와이 프리미엄 아이리턴,세종바이오팜,제이와이&프리미엄&아이리턴
제이준화이트슬림다이어트,에프엔바이오,제이준화이트슬림다이어트
제이케이 스페셜 홍삼스틱,동원에프앤비,제이케이&스페셜&홍삼스틱
제이케이슈퍼바이오틱스,한국네츄럴팜,제이케이슈퍼바이오틱스
제이케이스페셜홍삼,동원에프앤비,제이케이스페셜홍삼
제이톡,코스맥스바이오,제이톡
제이피엘934,일동바이오사이언스,제이피엘934
제일 하루채움 유기농 밀크씨슬,한국씨엔에스팜,제일&하루채움&유기농&밀크씨슬
제일글루코사민정골드,동서바이오팜,제일글루코사민정골드
제일메가 식물성캡슐 오메가3 쿼드,네이처퓨어코리아,제일메가&식물성캡슐&오메가3&쿼드
제일메가 알티지 오메가3 듀얼,비엘헬스케어 2공장,제일메가&알티지&오메가3&듀얼
제주농장 관절튼튼 플러스 젤리,제주농장영농조합법인 제주지점,제주농장&관절튼튼&플러스&젤리
제중원 남기새,팜텍코리아,제중원&남기새
제중원 남기새,한미양행,제중원&남기새
제중원 남기새 명작,서흥헬스케어,제중원&남기새&명작
제중원 남기새 명품수,네이처텍,제중원&남기새&명품수
제중원 홍삼정 매일 사포닌,극동에치팜2공장,제중원&홍삼정&매일&사포닌
제중원 홍삼정 명품,화인내츄럴,제중원&홍삼정&명품
제중원 홍삼정 명품,휴온스푸디언스 금산2공장,제중원&홍삼정&명품
제중원 홍삼정 진 眞,극동에치팜2공장,제중원&홍삼정
제중원 홍삼정골드,극동에치팜2공장,제중원&홍삼정골드
제중원 홍삼킹 캡슐,극동에치팜2공장,제중원&홍삼킹&캡슐
제중원 활력 홍삼정,극동에치팜2공장,제중원&활력&홍삼정
제중원홍삼진프리미엄,극동에치팜2공장,제중원홍삼진프리미엄
제타바이오 알파,코스맥스엔비티,제타바이오&알파
제트맥스 더블유피아이,코뉴,제트맥스&더블유피아이
제트맥스 더블유피아이에이치,코뉴,제트맥스&더블유피아이에이치
제트맥스 더블유피에이치,코뉴,제트맥스&더블유피에이치
제트맥스 소이프로틴,코뉴,제트맥스&소이프로틴
제트맥스게이너플래티넘,코뉴,제트맥스게이너플래티넘
제트맥스더블유피아이에이치플래티넘,코뉴,제트맥스더블유피아이에이치플래티넘
제트맥스더블유피에이치플래티넘,코뉴,제트맥스더블유피에이치플래티넘
제트맥스웨이프로틴,코뉴,제트맥스웨이프로틴
제트맥스프로틴,코뉴,제트맥스프로틴
제트머슬온플래티넘,코뉴,제트머슬온플래티넘
제트밀크씨슬프로,코뉴,제트밀크씨슬프로
제트아미노프로,코뉴,제트아미노프로
제트아미노프로,한국네츄럴팜,제트아미노프로
제트프로컷가르시니아,코뉴,제트프로컷가르시니아
제트프로컷엘카르니틴,코뉴,제트프로컷엘카르니틴
제트프로컷카테킨,코뉴,제트프로컷카테킨
제트프로컷키토산,코뉴,제트프로컷키토산
제트프로프로틴,코뉴,제트프로프로틴
제트헬퍼 아무도 모르게 나이트번,한풍네이처팜,제트헬퍼&아무도&모르게&나이트번
제트헬퍼 아무도모르게 다크번,한풍네이처팜,제트헬퍼&아무도모르게&다크번
제피로스-피,한국바이오팜,제피로스
제황의 궁솔,에스디생명공학 건강식품사업부문,제황의&궁솔
젠 컴플렉스,서흥,컴플렉스
젠프로17큐,코스맥스바이오,젠프로17큐
젤리로예쁜오늘,콜마비앤에이치음성공장,젤리로예쁜오늘
젤리몬 비타민 구미,에스디푸드,젤리몬&비타민&구미
젤리컷그린씨드,코스맥스바이오,젤리컷그린씨드
젤리컷업,코스맥스바이오,젤리컷업
젬무브 생생 기억력 플러스,고센바이오텍,젬무브&생생&기억력&플러스
젬무브 생생 렉스파인 골드,오투바이오,젬무브&생생&렉스파인&골드
젬무브 생생 알티지 오메가3,한풍네이처팜,젬무브&생생&알티지&오메가3
젬무브 생생 이너핏 신바이오틱스,아람,젬무브&생생&이너핏&신바이오틱스
젬무브 생생 이너핏 신바이오틱스,상상바이오,젬무브&생생&이너핏&신바이오틱스
젬무브생생두나리엘라,두루원,젬무브생생두나리엘라
젬무브생생렉스플로,알피바이오,젬무브생생렉스플로
젬무브생생엠에스엠,두루원,젬무브생생엠에스엠
조삼원 고려 홍삼정 플러스,농업회사법인지에이치내츄럴,조삼원&고려&홍삼정&플러스
조삼원 고려홍삼농축액 프리미엄,농업회사법인지에이치내츄럴,조삼원&고려홍삼농축액&프리미엄
조삼원 고려홍삼정골드,농업회사법인지에이치내츄럴,조삼원&고려홍삼정골드
조삼원홍삼순농축액,농업회사법인지에이치내츄럴,조삼원홍삼순농축액
조삼원홍삼진스틱,농업회사법인지에이치내츄럴,조삼원홍삼진스틱
조아 복합쏘팔메토 골드,노바렉스2공장,조아&복합쏘팔메토&골드
조아 장건강,조아제약,조아&장건강
조아눈건강,노바렉스2공장,조아눈건강
조아바이톤,조아제약,조아바이톤
조아바이톤-에이,조아제약,조아바이톤&에이
조아제약 MSM 글루코사민 비타민D,바이오 로제트,조아제약&MSM&글루코사민&비타민D
조아제약 스트레스엔테아닌,바이오 로제트,조아제약&스트레스엔테아닌
조아큐텐홍,노바렉스2공장,조아큐텐홍
조웰-지,유니쎌팜,조웰
조이스텝,아모레퍼시픽,조이스텝
조이조-에프,유니쎌팜,조이조&에프
조인 트러스트 플러스,노바렉스,조인&트러스트&플러스
조인 트러스트 플러스,비오팜,조인&트러스트&플러스
조인골드글루코사민,영풍제약,조인골드글루코사민
조인러브,동서바이오팜,조인러브
조인러브 맥스,동서바이오팜,조인러브&맥스
조인스픽,상상바이오,조인스픽
조인시스트,녹십자웰빙,조인시스트
조인엔천관원프리미엄天關元,우리바이오,조인엔천관원프리미엄天關元
조인엠에스엠365,극동에치팜2공장,조인엠에스엠365
조인트 글루코사민,서흥,조인트&글루코사민
조인트 글루코사민 1500,한풍네이처팜,조인트&글루코사민&1500
조인트 모빌리티,유니시티글로벌매뉴팩쳐링,조인트&모빌리티
조인트 부스터 엠에스엠 골드,한미양행,조인트&부스터&엠에스엠&골드
조인트 서포트 MSM 100,한미양행,조인트&서포트&MSM&100
조인트 서포트 글루코사민 VIP 브이아이피,한미양행,조인트&서포트&글루코사민&VIP&브이아이피
조인트 서포트,노바렉스,조인트&서포트
조인트 솔루션,해나눔 청운지점,조인트&솔루션
조인트 트리플 골드,한국씨엔에스팜,조인트&트리플&골드
조인트 트리플 골드 플러스,동서바이오팜,조인트&트리플&골드&플러스
조인트 퍼펙션,콜마비앤에이치음성공장,조인트&퍼펙션
조인트 헬스 골드,메디바이오랩,조인트&헬스&골드
조인트관절플러스,한국코러스 건강기능식품사업부,조인트관절플러스
조인트글루코사민,허브큐어,조인트글루코사민
조인트닥터메틸설포닌메탄,유니쎌팜,조인트닥터메틸설포닌메탄
조인트락골드,메디바이오랩,조인트락골드
조인트로즈힙플러스,풀무원건강생활,조인트로즈힙플러스
조인트리션 뮤코,네이처퓨어코리아,조인트리션&뮤코
조인트리션 뮤코,유유헬스케어,조인트리션&뮤코
조인트리션 뮤코,유디바이오,조인트리션&뮤코
조인트리션 뮤코,한국씨엔에스팜,조인트리션&뮤코
조인트리션 엔-글루코사민,한국씨엔에스팜,조인트리션&글루코사민
조인트리션릴리버,한국씨엔에스팜,조인트리션릴리버
조인트리케어 N-아세틸글루코사민,동서바이오팜,조인트리케어&아세틸글루코사민
조인트밸런스,서흥,조인트밸런스
조인트본 1500,코스맥스엔비티,조인트본&1500
조인트본 NAG,아미코젠문산제2공장,조인트본&NAG
조인트액티브엠에스엠,한풍네이처팜,조인트액티브엠에스엠
조인트앤본 컴플렉스,코스맥스엔비티,조인트앤본&컴플렉스
조인트엑스,케이지앤에프,조인트엑스
조인트엠에스엠플러스,동서바이오팜,조인트엠에스엠플러스
조인트윈 골드,네추럴웨이,조인트윈&골드
조인트윈골드 프리미엄,네추럴웨이,조인트윈골드&프리미엄
조인트커큐민,한국코러스 건강기능식품사업부,조인트커큐민
조인트케어,풀무원건강생활,조인트케어
조인트케어,엠에스바이오텍,조인트케어
조인트케어 글루코사민2000,동서바이오팜,조인트케어&글루코사민2000
조인트케어골드,팜크로스,조인트케어골드
조인트케어글루코사민,한국바이오팜,조인트케어글루코사민
조인트케어포뮬러,서흥,조인트케어포뮬러
조인트코어,네추럴웨이,조인트코어
조인트파워업,팜크로스,조인트파워업
조인트파워플러스,네추럴웨이,조인트파워플러스
조인트포뮬러,비엘헬스케어 2공장,조인트포뮬러
조인트포뮬러,뉴트리케어,조인트포뮬러
조인트포뮬러,코스맥스엔비티,조인트포뮬러
조인트프리맥스2000,동서바이오팜,조인트프리맥스2000
조인트플러스로즈힙,서흥,조인트플러스로즈힙
조인트핏,서흥,조인트핏
조인트해피타임,동서바이오팜,조인트해피타임
조인트헬스골드 플러스,메디바이오랩,조인트헬스골드&플러스
조인트헬스큐,메디바이오랩,조인트헬스큐
조인트헬스플러스,서흥,조인트헬스플러스
조인헬스,코스맥스바이오,조인헬스
종근당 6년근 홍삼정 로얄,이수바이오,종근당&6년근&홍삼정&로얄
종근당 6년근 홍삼정 로얄 스틱,이수바이오,종근당&6년근&홍삼정&로얄&스틱
종근당 오메가 코큐텐 원,노바렉스2공장,종근당&오메가&코큐텐
종근당 조인트케어 글루코사민,코스맥스엔비티,종근당&조인트케어&글루코사민
종근당 바이오 발효홍삼유산균,뉴팜,종근당&바이오&발효홍삼유산균
종근당 바이오 발효홍삼유산균 골드,뉴팜,종근당&바이오&발효홍삼유산균&골드
종근당건강 N-아세틸글루코사민,콜마비앤에이치음성공장,종근당건강&아세틸글루코사민
종근당건강 관절엔 트리플파워,이앤에스,종근당건강&관절엔&트리플파워
종근당건강 튼튼 멀티비타민,콜마비앤에이치음성공장,종근당건강&튼튼&멀티비타민
종근당건강 튼튼관절,서흥,종근당건강&튼튼관절
종근당건강 프리바이오틱스 FOS 에프오에스,아람,종근당건강&프리바이오틱스&FOS&에프오에스
종근당건강 홍삼스틱K,종근당건강,종근당건강&홍삼스틱K
종근당건강 홍삼스틱K,그린바이오,종근당건강&홍삼스틱K
종근당건강 홍삼정K,종근당건강,종근당건강&홍삼정K
종근당건강맥스칼,콜마비앤에이치음성공장,종근당건강맥스칼
종근당건강멀티비타민포맨,에스엘에스,종근당건강멀티비타민포맨
종근당건강멀티비타민포우먼,에스엘에스,종근당건강멀티비타민포우먼
종근당건강알로에베라겔골드,경북과학대학식품공장,종근당건강알로에베라겔골드
종근당건강칼슘마그네슘,콜마비앤에이치음성공장,종근당건강칼슘마그네슘
종근당건강칼슘마그네슘,종근당건강,종근당건강칼슘마그네슘
종근당건강프리바이오틱스FOS에프오에스,코스맥스바이오,종근당건강프리바이오틱스FOS에프오에스
종근당바이오 락토바실러스 가세리 씨케이디비 026,종근당바이오,종근당바이오&락토바실러스&가세리&씨케이디비&026
종근당바이오 락토바실러스 람노서스 씨케이디비 009,종근당바이오,종근당바이오&락토바실러스&람노서스&씨케이디비&009
종근당바이오 락토바실러스 불가리쿠스 씨케이디비 001,종근당바이오,종근당바이오&락토바실러스&불가리쿠스&씨케이디비&001
종근당바이오 락토바실러스 살리바리우스 씨케이디비 001,종근당바이오,종근당바이오&락토바실러스&살리바리우스&씨케이디비&001
종근당바이오 락토바실러스 애시도필러스 씨케이디비 007,종근당바이오,종근당바이오&락토바실러스&애시도필러스&씨케이디비&007
종근당바이오 락토바실러스 카제이 씨케이디비 007,종근당바이오,종근당바이오&락토바실러스&카제이&씨케이디비&007
종근당바이오 락토바실러스 파라카제이 씨케이디비 005,종근당바이오,종근당바이오&락토바실러스&파라카제이&씨케이디비&005
종근당바이오 락토바실러스 플랜타럼 씨케이디비 007,종근당바이오,종근당바이오&락토바실러스&플랜타럼&씨케이디비&007
종근당바이오 락토바실러스 플랜타럼 씨케이디비 008,종근당바이오,종근당바이오&락토바실러스&플랜타럼&씨케이디비&008
종근당바이오 락토바실러스 헬베티쿠스 씨케이디비 001,종근당바이오,종근당바이오&락토바실러스&헬베티쿠스&씨케이디비&001
종근당바이오 비피도박테리움 락티스 씨케이디비 005,종근당바이오,종근당바이오&비피도박테리움&락티스&씨케이디비&005
종근당바이오 비피도박테리움 롱검 씨케이디비 004,종근당바이오,종근당바이오&비피도박테리움&롱검&씨케이디비&004
종근당바이오 비피도박테리움 브레브 씨케이디비 002,종근당바이오,종근당바이오&비피도박테리움&브레브&씨케이디비&002
종근당바이오 비피도박테리움 비피덤 씨케이디비 001,종근당바이오,종근당바이오&비피도박테리움&비피덤&씨케이디비&001
종근당바이오 스트렙토코커스 써모필러스 씨케이디비 027,종근당바이오,종근당바이오&스트렙토코커스&써모필러스&씨케이디비&027
종근당바이오 엔테로코커스 페시움 씨케이디비 003 에이,종근당바이오,종근당바이오&엔테로코커스&페시움&씨케이디비&003&에이
종근당바이오 엔테로코커스 페시움 씨케이디비 003 이,종근당바이오,종근당바이오&엔테로코커스&페시움&씨케이디비&003
종근당바이오 엔테로코커스 페칼리스 씨케이디비 005,종근당바이오,종근당바이오&엔테로코커스&페칼리스&씨케이디비&005
종근당파워칼슘앤마그네슘,이앤에스,종근당파워칼슘앤마그네슘
종합 비타민 프리미엄,일양약품,종합&비타민&프리미엄
종합멀티비타민,케이지랩,종합멀티비타민
종합비타민,유유헬스케어,종합비타민
종합비타민 멀티 미네랄 15,한풍네이처팜,종합비타민&멀티&미네랄&15
종합비타민 멀티미네랄 18 포 우먼 올인원,비엘헬스케어 2공장,종합비타민&멀티미네랄&18&우먼&올인원
종합비타민 멀티미네랄15,한미양행,종합비타민&멀티미네랄15
종합비타민 멀티플러스,한국바이오건강,종합비타민&멀티플러스
종합비타민 무기질 데일리 플러스,콜마비앤에이치음성공장,종합비타민&무기질&데일리&플러스
종합비타민 미네랄,코스맥스엔비티,종합비타민&미네랄
종합비타민 미네랄 17 츄어블키즈,동서바이오팜,종합비타민&미네랄&17&츄어블키즈
종합비타민 미네랄 20,엠에스바이오텍,종합비타민&미네랄&20
종합비타민 미네랄 포유,콜마비앤에이치음성공장,종합비타민&미네랄&포유
종합비타민 올라이프,코스맥스엔비티,종합비타민&올라이프
종합비타민 올인원 100,바이오에비뉴,종합비타민&올인원&100
종합비타민&미네랄 16,코스맥스엔비티,종합비타민&미네랄&16
종합비타민+,코스맥스바이오,종합비타민
종합비타민ABCDE&미네랄,한국씨엔에스팜,종합비타민ABCDE&미네랄
종합비타민골목대장,허브큐어,종합비타민골목대장
종합비타민무기질,녹십초알로에,종합비타민무기질
종합비타민미네랄,비엘헬스케어 2공장,종합비타민미네랄
종합비타민미네랄 퍼펙트,노바렉스,종합비타민미네랄&퍼펙트
종합비타민미네랄15,한미양행,종합비타민미네랄15
종합비타민미네랄20,코스팜,종합비타민미네랄20
종합비타민미네랄20,한미양행,종합비타민미네랄20
종합비타민미네랄20,동서바이오팜,종합비타민미네랄20
좋았던 그때로,네이처퓨어코리아,좋았던&그때로
좋은데 프리미엄,농업회사법인힐링팜,좋은데&프리미엄
좋은버릇 레디케어,비오팜,좋은버릇&레디케어
좋은버릇 참 비타민 멀티,비오팜,좋은버릇&비타민&멀티
좋은버릇 참 유산균 파워맨,비오팜,좋은버릇&유산균&파워맨
좋은하루 베러핏 다이어트,한미양행,좋은하루&베러핏&다이어트
좋은홍삼정,농업회사법인 삼흥,좋은홍삼정
죠인트서포트글루코사민,비오팜,죠인트서포트글루코사민
주니어홍삼,종근당건강,주니어홍삼
주러스,토모,주러스
주머니속 홍삼정,영농조합법인 물댄동산,주머니속&홍삼정
주원뉴트리 밀크씨슬과 비타미네랄,콜마비앤에이치음성공장,주원뉴트리&밀크씨슬과&비타미네랄
주홍이 11플러스 키토산 팻아웃,미누스토리,주홍이&11플러스&키토산&팻아웃
주홍이 11플러스 키토산 팻아웃,비엘헬스케어 2공장,주홍이&11플러스&키토산&팻아웃
줄여락,엠에스바이오텍,줄여락
중부 홍삼농축액,중부대학교 산학협력단,중부&홍삼농축액
중외파워루테인,서흥,중외파워루테인
쥬벨 365 다이어트,경성제약,쥬벨&365&다이어트
쥬비스 뉴트리션 팻바이,노바렉스,쥬비스&뉴트리션&팻바이
쥬비스 다이어트 듀얼 유산균,비엘헬스케어 2공장,쥬비스&다이어트&듀얼&유산균
쥬비스 유산균 다이어트,비엘헬스케어 2공장,쥬비스&유산균&다이어트
쥬비스가 만든 카테킨450mg,한국바이오팜,쥬비스가&만든&카테킨450mg
쥬비스뉴트리션 이뮨,노바렉스,쥬비스뉴트리션&이뮨
쥬비스뉴트리션 카보컷,노바렉스,쥬비스뉴트리션&카보컷
지 -가르시니아,㈜글로벌피앤피,가르시니아
지-스템마맥스 나이트,엠에스바이오텍,스템마맥스&나이트
지-스템마맥스스위치,유유헬스케어,스템마맥스스위치
지-스템마맥스스위치 오리지날,유유헬스케어,스템마맥스스위치&오리지날
지-스템마맥스파이어,유유헬스케어,스템마맥스파이어
지-웰,바산 고려홍삼,웰
지강인 고려홍삼분말,금산홍삼랜드,지강인&고려홍삼분말
지강인고려홍삼정,금산홍삼랜드,지강인고려홍삼정
지강인고려홍삼정골드,금산홍삼랜드,지강인고려홍삼정골드
지구스피루리나홍삼에이,이에스바이오텍,지구스피루리나홍삼에이
지근억베이비프리미엄,비피도,지근억베이비프리미엄
지근억비피더스,비피도,지근억비피더스
지근억비피더스베이비,비피도,지근억비피더스베이비
지근억비피더스프로G,비피도,지근억비피더스프로G
지근억비피더스프리미엄,비피도,지근억비피더스프리미엄
지금당장다이어트,에스케이내추럴팜,지금당장다이어트
지금바로빼 시서스 고,비오팜,지금바로빼&시서스
지금부터다이어트,케이지앤에프,지금부터다이어트
지금원하다,금산고려홍삼,지금원하다
지금은 예뻐질 시간 - 녹차카테킨,한국바이오팜,지금은&예뻐질&시간&녹차카테킨
지금은 예뻐질 시간-슬림엔 가르시니아,한국바이오팜,지금은&예뻐질&시간&슬림엔&가르시니아
지노 마스터,코스맥스엔비티,지노&마스터
지노 마스터 착,코스맥스엔비티,지노&마스터
지노 프로바이오틱스,코스맥스엔비티,지노&프로바이오틱스
지노밸런스 프로바이오틱스,코스맥스엔비티,지노밸런스&프로바이오틱스
지노포스플러스,케이지이,지노포스플러스
지니-슬림,삼진GNF,지니&슬림
지니랩스 그린슬림핏,허브큐어,지니랩스&그린슬림핏
지니랩스 라이프업 쏘팔메토+옥타코사놀,우리바이오,지니랩스&라이프업&쏘팔메토&옥타코사놀
지니케어 엠에스엠 파워풀,유니쎌팜,지니케어&엠에스엠&파워풀
지니케어 엠에스엠 퓨어,유니쎌팜,지니케어&엠에스엠&퓨어
지대로 슬림 다이어트,백천바이오텍,지대로&슬림&다이어트
지대로업 메가셀렌효모 프리미엄,동서바이오팜,지대로업&메가셀렌효모&프리미엄
지디 다이어트 시너지컷,알피바이오,지디&다이어트&시너지컷
지리산초보감,유니쎌팜,지리산초보감
지바치맥脈,재단법인 경북바이오산업연구원 바이오벤처프라자,지바치맥脈
지방도둑,한국바이오팜,지방도둑
지방사람,네이처퓨어코리아,지방사람
지방아 사과해,한국씨엔에스팜,지방아&사과해
지방엔 보이차,유유헬스케어,지방엔&보이차
지방출장,한국인삼내츄럴,지방출장
지비 365,에스에스바이오팜,지비&365
지씨 루테인아스타잔틴,콜마비앤에이치음성공장,지씨&루테인아스타잔틴
지씨 멀티비타민미네랄,콜마비앤에이치음성공장,지씨&멀티비타민미네랄
지씨 밀크씨슬,콜마비앤에이치음성공장,지씨&밀크씨슬
지씨 알티지 오메가,콜마비앤에이치음성공장,지씨&알티지&오메가
지씨 알티지 오메가 프리미엄,콜마비앤에이치음성공장,지씨&알티지&오메가&프리미엄
지씨 홍삼,콜마비앤에이치음성공장,지씨&홍삼
지씨프리바이오틱스,콜마비앤에이치음성공장,지씨프리바이오틱스
지아오굴란 엑스티 다이어트,비오팜,지아오굴란&엑스티&다이어트
지아이-프로밸런스,코스맥스엔비티,지아이&프로밸런스
지아이-프로밸런스 프로바이오틱스,코스맥스엔비티,지아이&프로밸런스&프로바이오틱스
지아잔틴 루테인 맥스,노바렉스2공장,지아잔틴&루테인&맥스
지애원,극동에치팜2공장,지애원
지앤가넨,비오팜,지앤가넨
지앤그린프로폴리스,코스맥스바이오,지앤그린프로폴리스
지앤라이프 홍삼정,농업회사법인글로벌금산진생,지앤라이프&홍삼정
지앤라이프 홍삼정 스틱,농업회사법인글로벌금산진생,지앤라이프&홍삼정&스틱
지앤라이프 홍삼정 스틱15,농업회사법인글로벌금산진생,지앤라이프&홍삼정&스틱15
지앤라이프 홍삼진액,농업회사법인글로벌금산진생,지앤라이프&홍삼진액
지에스 프라셀 디,팜텍코리아,지에스&프라셀
지에스 프라셀 디,이수바이오,지에스&프라셀
지에이리버케어,동서바이오팜,지에이리버케어
지엑스 어시스트,서흥,지엑스&어시스트
지엑스& 슬림,코스맥스엔비티,지엑스&슬림
지엠지 로얄 프로틴 게이너 더블유피씨 프리미엄,한국네츄럴팜,지엠지&로얄&프로틴&게이너&더블유피씨&프리미엄
지엠지 로얄 프로틴 게이너 더블유피아이 프리미엄,한국네츄럴팜,지엠지&로얄&프로틴&게이너&더블유피아이&프리미엄
지엠지 로얄 프로틴 게이너 더블유피에이치 프리미엄,한국네츄럴팜,지엠지&로얄&프로틴&게이너&더블유피에이치&프리미엄
지엠지 로얄 프로틴 게이너 아이에스피 프리미엄,한국네츄럴팜,지엠지&로얄&프로틴&게이너&아이에스피&프리미엄
지엠지 로얄 프로틴 웨이 더블유피씨 프리미엄,한국네츄럴팜,지엠지&로얄&프로틴&웨이&더블유피씨&프리미엄
지엠지 로얄 프로틴 웨이 더블유피에이치 프리미엄,한국네츄럴팜,지엠지&로얄&프로틴&웨이&더블유피에이치&프리미엄
지엠지 로얄 프로틴 웨이 더블유피이아이 프리미엄,한국네츄럴팜,지엠지&로얄&프로틴&웨이&더블유피이아이&프리미엄
지엠지 로얄 프로틴 웨이 아이에스피 프리미엄,한국네츄럴팜,지엠지&로얄&프로틴&웨이&아이에스피&프리미엄
지웨이 게이너,스포츠바이오텍,지웨이&게이너
지웨이 알티지 오메가3 장용성 EPA DHA,알피바이오,지웨이&알티지&오메가3&장용성&EPA&DHA
지웨이 클리어 더블유피아이 체리맛,스포츠바이오텍,지웨이&클리어&더블유피아이&체리맛
지웨이 프로틴,스포츠바이오텍,지웨이&프로틴
지이홍삼,동서바이오팜,지이홍삼
지인스마일드홍삼,강원인삼농협,지인스마일드홍삼
지중해로 쏙빠지다,네추럴웨이,지중해로&쏙빠지다
지천력,대한홍삼진흥공사 금산지점,지천력
지큐랩 알티지오메가3 유산균,알피바이오,지큐랩&알티지오메가3&유산균
지큐랩 이너 프로바이오틱스,이앤에스,지큐랩&이너&프로바이오틱스
지큐랩 이너프로바이오틱스,한국바이오팜,지큐랩&이너프로바이오틱스
지큐랩 콜레스테롤 솔루션 BBR,알피바이오,지큐랩&콜레스테롤&솔루션&BBR
지큐랩 100억 생유산균 골드,일동바이오사이언스,지큐랩&100억&생유산균&골드
지큐랩 데일리,일동바이오사이언스,지큐랩&데일리
지큐랩 락토비피도 팜,일동바이오사이언스,지큐랩&락토비피도
지큐랩 베베 플러스,일동바이오사이언스,지큐랩&베베&플러스
지큐랩 에스 신바이오틱스,일동바이오사이언스,지큐랩&에스&신바이오틱스
지큐랩 에스 생 유산균,일동바이오사이언스,지큐랩&에스&유산균
지큐랩 우리아이 유산균,일동바이오사이언스,지큐랩&우리아이&유산균
지큐랩 우리아이 유산균 멀티비타 츄어블,일동바이오사이언스,지큐랩&우리아이&유산균&멀티비타&츄어블
지큐랩 우리아이 유산균 츄어블,일동바이오사이언스,지큐랩&우리아이&유산균&츄어블
지큐랩 장건강 프리바이오틱스,한국바이오팜,지큐랩&장건강&프리바이오틱스
지큐랩 키즈 플러스,일동바이오사이언스,지큐랩&키즈&플러스
지큐랩 파워 액티브,일동바이오사이언스,지큐랩&파워&액티브
지큐랩 포스트바이오틱스 듀얼프로,일동바이오사이언스,지큐랩&포스트바이오틱스&듀얼프로
지큐랩 포스트바이오틱스 면역밸런스,일동바이오사이언스,지큐랩&포스트바이오틱스&면역밸런스
지큐랩 포스트바이오틱스 알에이치티,일동바이오사이언스,지큐랩&포스트바이오틱스&알에이치티
지큐랩 프로엔프리 팜,일동바이오사이언스,지큐랩&프로엔프리
지투엑스,케이지랩,지투엑스
지투온신바이오유산균 포스트바이오틱스,엠에스바이오텍,지투온신바이오유산균&포스트바이오틱스
지플렉스 게이너,스포츠바이오텍,지플렉스&게이너
지플렉스 게이너 오리지날,유유헬스케어,지플렉스&게이너&오리지날
지플렉스 아이솔레이트,스포츠바이오텍,지플렉스&아이솔레이트
지플렉스 아이솔레이트,유유헬스케어,지플렉스&아이솔레이트
지플렉스 웨이  단백질 밀크초코맛,스포츠바이오텍,지플렉스&웨이&단백질&밀크초코맛
지플렉스 웨이 단백질 쿠키앤크림맛,스포츠바이오텍,지플렉스&웨이&단백질&쿠키앤크림맛
지플렉스게이너,유유헬스케어,지플렉스게이너
지플렉스엠피50,진명뉴트리션,지플렉스엠피50
지플렉스엠피80,진명뉴트리션,지플렉스엠피80
지플렉스웨이,유유헬스케어,지플렉스웨이
지플렉스웨이 오리지날,유유헬스케어,지플렉스웨이&오리지날
지플렉스웨이 쿠키앤크림맛,유유헬스케어,지플렉스웨이&쿠키앤크림맛
지플렉스웨이 쿠키앤크림맛 오리지날,유유헬스케어,지플렉스웨이&쿠키앤크림맛&오리지날
지피 리버헬스프리미엄,동서바이오팜,지피&리버헬스프리미엄
지피 클린데이즈,동서바이오팜,지피&클린데이즈
직장인 멀티팩,풀무원건강생활,직장인&멀티팩
진 캅셀 플러스,동서바이오팜,캅셀&플러스
진 프로바이오틱스 프레쉬,코스맥스엔비티,프로바이오틱스&프레쉬
진 하루홍삼스틱,강원인삼농협,하루홍삼스틱
진 한 홍삼정 프리미엄골드,농업회사법인에프앤비바이오,홍삼정&프리미엄골드
진골환,바이오에비뉴,진골환
진관진 프리미엄,금산인삼농협,진관진&프리미엄
진관진정 프리미엄,비오팜,진관진정&프리미엄
진기 홍삼단,영농조합법인 물댄동산,진기&홍삼단
진기 홍삼정,영농조합법인 물댄동산,진기&홍삼정
진기력 홍삼로열골드,팜텍코리아,진기력&홍삼로열골드
진락6년근홍삼정골드,구안산업금산공장,진락6년근홍삼정골드
진락인삼농축액,구안산업금산공장,진락인삼농축액
진력단,한미양행,진력단
진맥스,코스맥스엔비티,진맥스
진베이비앤키즈멀티플파우더,유유헬스케어,진베이비앤키즈멀티플파우더
진보고려인삼캅셀,건보,진보고려인삼캅셀
진보고려홍삼성분캅셀골드,건보,진보고려홍삼성분캅셀골드
진보정,인성제약,진보정
진비단,한국인삼공사,진비단
진비책사포닌한뿌리,비티진,진비책사포닌한뿌리
진사겔,일화,진사겔
진사포닌캡슐,비티진,진사포닌캡슐
진산정,대한홍삼진흥공사 금산지점,진산정
진산타블렛,에스케이내추럴팜,진산타블렛
진삼명가 6년근 홍삼정 오리진 스틱,한국고려홍삼,진삼명가&6년근&홍삼정&오리진&스틱
진삼화써큐온,코스팜,진삼화써큐온
진삼화홍삼프리미엄스틱,휴온스푸디언스 금산3공장,진삼화홍삼프리미엄스틱
진생기력,이수바이오,진생기력
진생당 종합비타민&미네랄,네이처퓨어코리아,진생당&종합비타민&미네랄
진생당 홍삼씨케이,네이처퓨어코리아,진생당&홍삼씨케이
진생당 홍삼씨케이 프리미엄,네이처퓨어코리아,진생당&홍삼씨케이&프리미엄
진생력,농업회사법인지에이치내츄럴,진생력
진생벨라퀸,금산덕원인삼약초영농조합법인,진생벨라퀸
진생브이골드캅셀인삼성분,정원,진생브이골드캅셀인삼성분
진생에브리데이 홍삼스틱 순,대동고려삼,진생에브리데이&홍삼스틱
진생에브리데이홍삼스틱,대동고려삼,진생에브리데이홍삼스틱
진생에브리데이홍삼스틱,그린바이오,진생에브리데이홍삼스틱
진생이골드,일화,진생이골드
진생칸 발포정,한국지네틱바이오팜,진생칸&발포정
진생칸 홍삼C,한국지네틱바이오팜,진생칸&홍삼C
진생칸 홍삼프라임,한국지네틱바이오팜,진생칸&홍삼프라임
진생칸퀸,한국지네틱바이오팜,진생칸퀸
진생킹,유유헬스케어,진생킹
진생혼,케이지앤에프,진생혼
진생황,세종바이오팜,진생황
진성원 하루 애 홍삼스틱,대동고려삼,진성원&하루&홍삼스틱
진세노 홍삼,에이펙셀,진세노&홍삼
진세노사이드 365,진산사이언스,진세노사이드&365
진세노사이드23,팜텍코리아,진세노사이드23
진세노사이드34 프리미엄 홍삼스틱,다정,진세노사이드34&프리미엄&홍삼스틱
진세노사이드365홍삼정,진산사이언스,진세노사이드365홍삼정
진세노사이드60 홍삼정스틱 유일홍,풍기진생영농조합법인,진세노사이드60&홍삼정스틱&유일홍
진세노카 홍삼 젤리 스틱 어른용,바이오웨이브,진세노카&홍삼&젤리&스틱&어른용
진세노카 홍삼 젤리 스틱 어린이용,바이오웨이브,진세노카&홍삼&젤리&스틱&어린이용
진세노큐리올,에이펙셀,진세노큐리올
진세노큐리올 홍삼분말,에이펙셀,진세노큐리올&홍삼분말
진세노파워,비티진,진세노파워
진솔한다이어트CLA,오투바이오,진솔한다이어트CLA
진스트 15 고려인삼정,일화,진스트&15&고려인삼정
진스트 고려인삼농축액,일화,진스트&고려인삼농축액
진스트 고려인삼연질캡슐,일화,진스트&고려인삼연질캡슐
진스트 고려인삼정 타블렛,일화,진스트&고려인삼정&타블렛
진스트 고려홍삼농축액,일화,진스트&고려홍삼농축액
진스트 캡슐,일화,진스트&캡슐
진심을 담은 홍삼정,동원에프앤비,진심을&담은&홍삼정
진심을 담은 홍삼정 프리미엄,동원에프앤비,진심을&담은&홍삼정&프리미엄
진쎈 흑삼정 순스틱,대동고려삼,진쎈&흑삼정&순스틱
진쎈인,유니쎌팜,진쎈인
진쎈키즈아이,대동고려삼,진쎈키즈아이
진쎈흑삼력,대동고려삼,진쎈흑삼력
진쎈흑삼정마일드,대동고려삼,진쎈흑삼정마일드
진쎈흑삼정마일드,대동고려삼,진쎈흑삼정마일드
진쎈흑삼정프리미엄,대동고려삼,진쎈흑삼정프리미엄
진안 홍삼 데일리,건보,진안&홍삼&데일리
진안당발효홍삼발포정,에프엔바이오,진안당발효홍삼발포정
진웰스 6년근 홍삼정 하루스틱,일화,진웰스&6년근&홍삼정&하루스틱
진웰스 에브리데이 홍삼활력 100,일화,진웰스&에브리데이&홍삼활력&100
진웰스 인삼분말 프리미엄,일화,진웰스&인삼분말&프리미엄
진웰스 홍삼농축액20+,일화,진웰스&홍삼농축액20
진인비,팜크로스,진인비
진일품 6년근 홍삼정스틱 골드,화인내츄럴,진일품&6년근&홍삼정스틱&골드
진일품6년근홍삼정스틱골드,대동고려삼,진일품6년근홍삼정스틱골드
진일품6년근홍삼정스틱데일리,대동고려삼,진일품6년근홍삼정스틱데일리
진정주 MSM 액티브,알피바이오,진정주&MSM&액티브
진정주 밀크씨슬,알피바이오,진정주&밀크씨슬
진정주 식물성 알티지 오메가3,한국씨엔에스팜,진정주&식물성&알티지&오메가3
진정주 알티지오메가3,알피바이오,진정주&알티지오메가3
진정주 유기농 밀크씨슬,한국씨엔에스팜,진정주&유기농&밀크씨슬
진정주 프리미엄 rTG오메가3 1000,노바렉스2공장,진정주&프리미엄&rTG오메가3&1000
진정주 프리미엄알티지오메가3,알피바이오,진정주&프리미엄알티지오메가3
진정주 헬씨 플러스,오투바이오,진정주&헬씨&플러스
진정주헬시큐엑스정,코스맥스엔비티,진정주헬시큐엑스정
진정한 6년근 홍삼정,농업회사법인힐링팜,진정한&6년근&홍삼정
진정해유,상상바이오,진정해유
진총관보,도담,진총관보
진케이파워 에이치에스씨,비티진,진케이파워&에이치에스씨
진큐 피에스,코스맥스엔비티,진큐&피에스
진큐피에스,알피바이오,진큐피에스
진큐피에스,콜마비앤에이치음성공장,진큐피에스
진품진홍삼,금산고려홍삼,진품진홍삼
진품홍삼,금산고려홍삼,진품홍삼
진한 6년근 홍삼정스틱,대동고려삼,진한&6년근&홍삼정스틱
진한 고려홍삼정골드 스틱,건보,진한&고려홍삼정골드&스틱
진한면역홍삼정스틱,일화,진한면역홍삼정스틱
진한홍삼 더 레이디,소백인삼영농조합법인,진한홍삼&레이디
진한홍삼 더 프리미엄,소백인삼영농조합법인,진한홍삼&프리미엄
진한흑삼정프리미엄,진산사이언스,진한흑삼정프리미엄
진홍삼,비티진,진홍삼
진홍삼,서흥헬스케어,진홍삼
진홍삼,새롬웰푸드,진홍삼
진홍삼,뉴팜,진홍삼
진홍삼,농업법인옻가네 2공장,진홍삼
진홍삼 생유산균,뉴팜,진홍삼&생유산균
진홍삼 프리미엄,알피바이오,진홍삼&프리미엄
진홍삼골드,알피바이오,진홍삼골드
진홍삼농축액,고려인삼과학,진홍삼농축액
진홍삼사포닌캡슐,비티진,진홍삼사포닌캡슐
진홍삼사포닌캡슐플러스,비티진,진홍삼사포닌캡슐플러스
진홍삼스틱,일화,진홍삼스틱
진홍삼스틱,농협홍삼,진홍삼스틱
진홍삼액골드,다정,진홍삼액골드
진홍삼액골드,동원에프앤비,진홍삼액골드
진홍삼정,대동고려삼,진홍삼정
진홍삼정,고려인삼엑스포공사,진홍삼정
진홍삼정,바산 고려홍삼,진홍삼정
진홍삼정,휴온스푸디언스 금산2공장,진홍삼정
진홍삼정,충북인삼농협고려인삼창,진홍삼정
진홍삼정 24 데일리,휴온스푸디언스 금산2공장,진홍삼정&24&데일리
진홍삼정 골드스틱,한국씨엔에스팜,진홍삼정&골드스틱
진홍삼정농축액,비티진,진홍삼정농축액
진홍삼정농축액,동진제약,진홍삼정농축액
진홍삼캡슐,대동고려삼,진홍삼캡슐
진홍삼키드,비티진,진홍삼키드
진홍삼프리미엄,동원에프앤비,진홍삼프리미엄
진홍삼활기찬,비티진,진홍삼활기찬
진황고,한국씨엔에스팜,진황고
진황보,엠에스바이오텍,진황보
진효삼 대보,다정,진효삼&대보
진효삼 본 데일리,다정,진효삼&데일리
진효삼 원,서흥헬스케어,진효삼
진효삼 원 앰플,서흥헬스케어,진효삼&앰플
진효삼 진,서흥헬스케어,진효삼
진효삼 진,다정,진효삼
진효삼 홍삼효 감,다정,진효삼&홍삼효
진효원,풀무원건강생활,진효원
진효원프리미엄,풀무원건강생활,진효원프리미엄
질 건강 리스펙타 프로바이오틱스,코스맥스엔비티,건강&리스펙타&프로바이오틱스
질 건강을 위한 퀸즈 프로바이오틱스,코스맥스엔비티,건강을&위한&퀸즈&프로바이오틱스
질 요로 건강 이너펙타,코스맥스엔비티,요로&건강&이너펙타
질경이 프로 차전자피 다이어트,한미양행,질경이&프로&차전자피&다이어트
질경이 프로 차전자피 다이어트,경성제약,질경이&프로&차전자피&다이어트
질라고,토모,질라고
집나간 관절이,이수바이오,집나간&관절이
징코 프리미엄,엠에스바이오텍,징코&프리미엄
징코맥스Q,코스맥스바이오,징코맥스Q
징코맥스플러스,한풍네이처팜,징코맥스플러스
징코빌로바 루테인지아잔틴,노바렉스2공장,징코빌로바&루테인지아잔틴
징코삼 레드,한국바이오팜,징코삼&레드
징코엔 플러스업,한풍네이처팜,징코엔&플러스업
징코킨-B,풀무원건강생활,징코킨
징코테라-C플러스,한풍네이처팜,징코테라&C플러스
징코티카S,일양약품,징코티카S
징코플러스세븐,극동에치팜2공장,징코플러스세븐
징코후,엠에스바이오텍,징코후
징큐밀 캡슐,한풍네이처팜,징큐밀&캡슐
징크비타골드,유유헬스케어,징크비타골드
짜먹는 슬림다이어트,코스맥스바이오,짜먹는&슬림다이어트
짜먹는 오비엑스,안지오랩,짜먹는&오비엑스
짜먹는 오일 다이어트,한국씨엔에스팜,짜먹는&오일&다이어트
짜먹는 요미젤리 홍삼,제주농장영농조합법인 제주지점,짜먹는&요미젤리&홍삼
짜먹는 튼튼 홍삼아연비타D 젤리,비엘헬스케어,짜먹는&튼튼&홍삼아연비타D&젤리
짜먹는 튼튼 홍삼짱 젤리,비엘헬스케어,짜먹는&튼튼&홍삼짱&젤리
짜증날땐 먹어도 돼,한미양행,짜증날땐&먹어도
쭉쭉 빠져라,비오팜,쭉쭉&빠져라
찐생 홍삼,한국인삼공사,찐생&홍삼
찐홍삼,농업회사법인에프앤비바이오,찐홍삼
찐홍삼 스틱,농업회사법인에프앤비바이오,찐홍삼&스틱
차스팜 간건강,코스맥스바이오,차스팜&간건강
차스팜 간건강,바이오에비뉴,차스팜&간건강
차스팜 관절연골건강,코스맥스바이오,차스팜&관절연골건강
차스팜 관절연골건강,바이오에비뉴,차스팜&관절연골건강
차스팜 관절튼튼 MSM,바이오에비뉴,차스팜&관절튼튼&MSM
차스팜 눈건강,코스맥스바이오,차스팜&눈건강
차스팜 눈건강,바이오에비뉴,차스팜&눈건강
차스팜 루테인,바이오에비뉴,차스팜&루테인
차스팜 면역건강,코스맥스바이오,차스팜&면역건강
차스팜 면역건강,바이오에비뉴,차스팜&면역건강
차스팜 미네랄8,바이오에비뉴,차스팜&미네랄8
차스팜 미네랄8,코스맥스바이오,차스팜&미네랄8
차스팜 스트레스 케어,코스맥스바이오,차스팜&스트레스&케어
차스팜 스트레스케어,바이오에비뉴,차스팜&스트레스케어
차스팜 장건강,코스맥스바이오,차스팜&장건강
차스팜 장건강,바이오에비뉴,차스팜&장건강
차스팜 체지방감소,바이오에비뉴,차스팜&체지방감소
차스팜 체지방감소,코스맥스바이오,차스팜&체지방감소
차스팜 칼슘플러스,코스맥스바이오,차스팜&칼슘플러스
차스팜 칼슘플러스,바이오에비뉴,차스팜&칼슘플러스
차앤맘 원데이 비타민&미네랄 스텝1,콜마비앤에이치음성공장,차앤맘&원데이&비타민&미네랄&스텝1
차앤맘 원데이 비타민&미네랄 스텝2,콜마비앤에이치음성공장,차앤맘&원데이&비타민&미네랄&스텝2
차전자피,노바렉스,차전자피
차전자피,다원바이오,차전자피
차전자피 가르시니아 슬리밍 환,한풍네이처팜,차전자피&가르시니아&슬리밍
차전자피 가르시니아 환,동서바이오팜,차전자피&가르시니아
차전자피 식이섬유 에스라인 쾌변 다이어트,한풍네이처팜,차전자피&식이섬유&에스라인&쾌변&다이어트
차전자피 쾌변 슬림 다이어트,한풍네이처팜,차전자피&쾌변&슬림&다이어트
차전자피 프로바이오틱스,코스팜,차전자피&프로바이오틱스
차전자피더블,비엘헬스케어 2공장,차전자피더블
차전자피식이섬유 생 유산균,한국바이오건강,차전자피식이섬유&유산균
차전자피유산균복합분말,두루원,차전자피유산균복합분말
차즈기 포커스,코스맥스바이오,차즈기&포커스
차즈기+메모리,코스맥스바이오,차즈기&메모리
차즈기레시피,코스맥스바이오,차즈기레시피
차즈기맥스,코스맥스바이오,차즈기맥스
차즈기추출물,코스맥스바이오,차즈기추출물
착한 생유산균,에스케이내추럴팜,착한&생유산균
착한비건다이어트,코스맥스바이오,착한비건다이어트
착한생활습관 루테인밀크씨슬,코스맥스바이오,착한생활습관&루테인밀크씨슬
착한은행잎,엠에스바이오텍,착한은행잎
착한은행잎플러스,엠에스바이오텍,착한은행잎플러스
착한톡톡 탑 밀크씨슬,한풍네이처팜,착한톡톡&밀크씨슬
참 이로운 홍삼정,한국고려홍삼,이로운&홍삼정
참다림홍삼,성윤 에프엔지,참다림홍삼
참다한 트리플 퀵 다이어트,한국씨엔에스팜,참다한&트리플&다이어트
참다한홍삼정,대동고려삼,참다한홍삼정
참다한홍삼정플러스,대동고려삼,참다한홍삼정플러스
참바른홍삼 프라임,휴온스푸디언스 금산3공장,참바른홍삼&프라임
참진홍삼,안성인삼농업협동조합 인삼가공공장,참진홍삼
참한 홍삼농축액,농업회사법인참한삼,참한&홍삼농축액
참한 활기찬 스틱,진산사이언스,참한&활기찬&스틱
참한6년근고려홍삼정,진산사이언스,참한6년근고려홍삼정
참한삼 6년근 홍삼정,휴온스푸디언스 금산2공장,참한삼&6년근&홍삼정
참한삼 홍삼농축액,농업회사법인참한삼,참한삼&홍삼농축액
참한삼 홍삼진 매일 한포,휴온스푸디언스 금산3공장,참한삼&홍삼진&매일&한포
참한삼 홍삼진 매일한포 브이아이피,진산사이언스,참한삼&홍삼진&매일한포&브이아이피
참홍삼골드,드림바이오,참홍삼골드
참홍삼정,그린바이오,참홍삼정
채+움랩 면역,알피바이오,움랩&면역
채우다,아미코젠문산제2공장,채우다
채우리 뼈에 쏙쏙,세종바이오팜,채우리&뼈에&쏙쏙
채움 오메가3,농업회사법인개성상인-제2공장,채움&오메가3
채움 프로틴 현미맛,콜마비앤에이치음성공장,채움&프로틴&현미맛
채움 후,네추럴웨이,채움
채움-단,영농조합법인 물댄동산,채움
채움-레드,영농조합법인 물댄동산,채움&레드
채움-블랙,영농조합법인 물댄동산,채움&블랙
채움라이프,네추럴웨이,채움라이프
채움미슬림,코스맥스바이오,채움미슬림
채움프로틴 리뉴얼,콜마비앤에이치음성공장,채움프로틴&리뉴얼
채움프로틴 호지차맛,콜마비앤에이치음성공장,채움프로틴&호지차맛
"채워줘, 비오틴 10000",콜마비앤에이치음성공장,채워줘&비오틴&10000
"채워줘,비오틴10000",미누스토리,채워줘&비오틴10000
챕터 맨,한국씨엔에스팜,챕터
챕터 옵티멈,네추럴웨이,챕터&옵티멈
챕터 옵티멈,네추럴웨이,챕터&옵티멈
챙기삼 더블랙 5.1,일화,챙기삼&더블랙
천 단,한풍네이처팜,단
천골환 프라임,대화바이오,천골환&프라임
천관보,한국씨엔에스팜,천관보
천관보,그린바이오,천관보
천관보 콘드로이친,그린바이오,천관보&콘드로이친
천관보 프리미엄,그린바이오,천관보&프리미엄
천군기력홍삼정스틱,대동고려삼,천군기력홍삼정스틱
천궁인 홍삼정,강원인삼농협,천궁인&홍삼정
천기소,동서바이오팜,천기소
천기소,한국지네틱바이오팜,천기소
천년 관절,네이처텍,천년&관절
천년 태극 홍삼정 캡슐,한미양행,천년&태극&홍삼정&캡슐
천년국보 6년근 고려 홍삼정,진산사이언스,천년국보&6년근&고려&홍삼정
천년국보 6년근 고려 홍삼정 프리미엄,진산사이언스,천년국보&6년근&고려&홍삼정&프리미엄
천년마루아이러브홍삼,중부대학교 산학협력단,천년마루아이러브홍삼
천년마루홍삼농축액,중부대학교 산학협력단,천년마루홍삼농축액
천년마루홍삼농축액골드,중부대학교 산학협력단,천년마루홍삼농축액골드
천년애,한풍네이처팜,천년애
천년애 아침 홍삼스틱,농업회사법인개성상인,천년애&아침&홍삼스틱
천년애마음 홍삼정,농업회사법인힐링팜,천년애마음&홍삼정
천년옥고 홍삼스틱,세종바이오팜,천년옥고&홍삼스틱
천년의뿌리 홍삼진,다정,천년의뿌리&홍삼진
천년지삼 홍삼액 진,서흥헬스케어,천년지삼&홍삼액
천둥소리,네추럴웨이,천둥소리
천맥 보이차,네추럴웨이,천맥&보이차
천맥고려6년근홍삼농축액,대한홍삼진흥공사 금산지점,천맥고려6년근홍삼농축액
천맥고려6년근홍삼농축액골드,대한홍삼진흥공사 금산지점,천맥고려6년근홍삼농축액골드
천보 아이리스,원광제약,천보&아이리스
천보힘,한풍네이처팜,천보힘
천비삼,일화,천비삼
천비삼 플러스,일화,천비삼&플러스
천비홍삼농축액골드,일화,천비홍삼농축액골드
천비홍삼농축액명작,일화,천비홍삼농축액명작
천비홍삼농축액명작로얄,일화,천비홍삼농축액명작로얄
천삼액,아모레퍼시픽,천삼액
천삼원 프리미엄 홍삼진,고려인삼제조,천삼원&프리미엄&홍삼진
천삼원 홍삼농축액,고려인삼제조,천삼원&홍삼농축액
천삼원 홍삼정365,고려인삼제조,천삼원&홍삼정365
천삼원고려홍삼농축액골드,고려인삼제조,천삼원고려홍삼농축액골드
천삼원고려홍삼차골드,고려인삼제조,천삼원고려홍삼차골드
천삼정 알지3 골드,보고바이오,천삼정&알지3&골드
천송씨에스엠,두루원,천송씨에스엠
천수 관절보,농업회사법인헬스앤라이프,천수&관절보
천수애 진 에스,네이처텍,천수애&에스
천수원,우리바이오,천수원
천수홍삼농축액,강원인삼농협,천수홍삼농축액
천심련정제,비엘헬스케어 2공장,천심련정제
천심본 홍삼백가,천호엔케어,천심본&홍삼백가
천심본 홍삼보감,천호엔케어,천심본&홍삼보감
천애삼,아리바이오에이치앤비,천애삼
천애홍삼골드스틱,케이지랩,천애홍삼골드스틱
천양지차 발효울금 캡슐,동서바이오팜,천양지차&발효울금&캡슐
천연스토리 키즈아연+비타민C+비타민D+프로바이오틱스,팜크로스,천연스토리&키즈아연&비타민C&비타민D&프로바이오틱스
천옥정,풍기특산물영농조합법인,천옥정
천인홍삼,농업회사법인개성상인,천인홍삼
천인홍삼웃는아이어린이홍삼,농업회사법인개성상인-제2공장,천인홍삼웃는아이어린이홍삼
천일고려인삼골목대장,유니쎌팜,천일고려인삼골목대장
천일고려인삼농축액,삼진GNF,천일고려인삼농축액
천일고려인삼분말,삼진GNF,천일고려인삼분말
천일고려인삼분말캡슐,삼진GNF,천일고려인삼분말캡슐
천일고려인삼분말캡슐플러스,삼진GNF,천일고려인삼분말캡슐플러스
천일고려인삼분정골드,포천인삼영농조합법인,천일고려인삼분정골드
천일고려인삼정캡슐,유림고려홍삼,천일고려인삼정캡슐
천일고려태극삼분말,일화,천일고려태극삼분말
천일고려태극삼분말캅셀,대동고려삼,천일고려태극삼분말캅셀
천일고려태극삼액정,일화,천일고려태극삼액정
천일고려태극인삼분말,농업회사법인고려인삼,천일고려태극인삼분말
천일고려태극인삼분말캅셀,포천인삼영농조합법인,천일고려태극인삼분말캅셀
천일고려태극인삼분말캅셀,유니쎌팜,천일고려태극인삼분말캅셀
천일고려태극인삼분말캅셀,케이지앤에프,천일고려태극인삼분말캅셀
천일고려태극인삼분말캅셀,삼진GNF,천일고려태극인삼분말캅셀
천일고려태극인삼분말캅셀,팜크로스,천일고려태극인삼분말캅셀
천일고려태극인삼분말캅셀골드,대동고려삼,천일고려태극인삼분말캅셀골드
천일고려태극인삼정캅셀,유니쎌팜,천일고려태극인삼정캅셀
천일고려태극인삼정캅셀,케이지앤에프,천일고려태극인삼정캅셀
천일고려태극인삼정캅셀골드,유니쎌팜,천일고려태극인삼정캅셀골드
천일고려태극홍삼분말캡슐,대동고려삼,천일고려태극홍삼분말캡슐
천일고려태극홍삼분말캡슐프리미엄,대동고려삼,천일고려태극홍삼분말캡슐프리미엄
천일고려태극홍삼분말캡슐플래티넘,대동고려삼,천일고려태극홍삼분말캡슐플래티넘
천일고려태극홍삼정스틱,대동고려삼,천일고려태극홍삼정스틱
천일고려태극홍삼정캡슐플러스,대동고려삼,천일고려태극홍삼정캡슐플러스
천일고려태극홍삼캡슐,대동고려삼,천일고려태극홍삼캡슐
천일고려태극홍삼캡슐,대동고려삼,천일고려태극홍삼캡슐
천일고려태극홍삼캡슐프리미엄,대동고려삼,천일고려태극홍삼캡슐프리미엄
천일고려태극홍삼캡슐프리미엄,대동고려삼,천일고려태극홍삼캡슐프리미엄
천일고려태극홍삼캡슐플래티넘,대동고려삼,천일고려태극홍삼캡슐플래티넘
천일고려태극홍삼캡슐플래티넘,대동고려삼,천일고려태극홍삼캡슐플래티넘
천일고려태극흑삼분말캡슐플래티넘,대동고려삼,천일고려태극흑삼분말캡슐플래티넘
천일고려태극흑삼캡슐플래티넘,대동고려삼,천일고려태극흑삼캡슐플래티넘
천일관절쌩쌩,고려홍삼원,천일관절쌩쌩
천일급 고려인삼농축액,동진제약,천일급&고려인삼농축액
천일급 고려인삼분말,동진제약,천일급&고려인삼분말
천일급 고려인삼분말캡슐,동진제약,천일급&고려인삼분말캡슐
천일보고려태극삼정 로얄골드캡슐,유니쎌팜,천일보고려태극삼정&로얄골드캡슐
천일일화고려홍삼농축액,일화,천일일화고려홍삼농축액
천일태극삼분말캅셀로얄,대동고려삼,천일태극삼분말캅셀로얄
천일태극인삼 VVIP,유림고려홍삼,천일태극인삼&VVIP
천일태극인삼캡슐플래티늄브이브이아이피,삼진GNF,천일태극인삼캡슐플래티늄브이브이아이피
천일홍삼정로얄,풍기진생영농조합법인,천일홍삼정로얄
천일홍삼차,화인내츄럴,천일홍삼차
천장삼 굿모닝 홍삼정스틱,포천인삼영농조합법인,천장삼&굿모닝&홍삼정스틱
천제명홍삼캡슐,유니쎌팜,천제명홍삼캡슐
천제명홍삼캡슐골드,유니쎌팜,천제명홍삼캡슐골드
천지류,유니쎌팜,천지류
천지본간건강,한국네츄럴팜,천지본간건강
천지삼홍삼정,고려인삼엑스포공사,천지삼홍삼정
천지애 홍삼정 프리미엄,이수바이오,천지애&홍삼정&프리미엄
천지양 관절과 인지엔 데커신,코스맥스바이오,천지양&관절과&인지엔&데커신
천지양 명품 홍삼진액,웰파인,천지양&명품&홍삼진액
천지양 명품홍삼정 골드,휴온스푸디언스 금산3공장,천지양&명품홍삼정&골드
천지양 천년의뿌리홍삼진,다정,천지양&천년의뿌리홍삼진
천지양 천지력,다정,천지양&천지력
천지양 홍삼원 마일드,이수바이오,천지양&홍삼원&마일드
천지양 홍삼정 마일드플러스,이수바이오,천지양&홍삼정&마일드플러스
천지양6년근고려홍삼정골드,대동고려삼,천지양6년근고려홍삼정골드
천지양고려홍삼정,고려홍삼원,천지양고려홍삼정
천지양고려홍삼정골드,다정,천지양고려홍삼정골드
천지양고려홍삼정골드,대동고려삼,천지양고려홍삼정골드
천지양고려홍삼정프리미엄,대동고려삼,천지양고려홍삼정프리미엄
천지양고려홍삼진액스틱,휴온스푸디언스 금산3공장,천지양고려홍삼진액스틱
천지양멀티비타민,엠에스바이오텍,천지양멀티비타민
천지양명품사포닌골드,휴온스푸디언스 금산3공장,천지양명품사포닌골드
천지양명품홍삼정,휴온스푸디언스 금산2공장,천지양명품홍삼정
천지양명품홍삼정마일드,휴온스푸디언스 금산2공장,천지양명품홍삼정마일드
천지양뿌리깊은6년근홍삼정골드,휴온스푸디언스 금산2공장,천지양뿌리깊은6년근홍삼정골드
천지양뿌리깊은홍삼정마일드,고려인삼과학,천지양뿌리깊은홍삼정마일드
천지양사포닌골드리미티드,다정,천지양사포닌골드리미티드
천지양통홍삼분말,휴온스푸디언스 금산3공장,천지양통홍삼분말
천지양홍삼정로얄플러스,다정,천지양홍삼정로얄플러스
천지인 알파 홍삼려,동원에프앤비,천지인&알파&홍삼려
천지인 알파26,동원에프앤비,천지인&알파26
천지인 초고압홍삼정,동원에프앤비,천지인&초고압홍삼정
천지인 키즐홍짱 홍삼액,동원에프앤비,천지인&키즐홍짱&홍삼액
천지인 하이틴홍짱,동원에프앤비,천지인&하이틴홍짱
천지인 홍삼정 명작,동원에프앤비,천지인&홍삼정&명작
천지인 홍삼정 미작,동원에프앤비,천지인&홍삼정&미작
천지인 홍삼정 백작,동원에프앤비,천지인&홍삼정&백작
천지인 홍삼정 수작,동원에프앤비,천지인&홍삼정&수작
천지인 홍삼정 예작,동원에프앤비,천지인&홍삼정&예작
천지인 홍삼정,동원에프앤비,천지인&홍삼정
천지인진홍삼골드,동원에프앤비,천지인진홍삼골드
천지인진홍삼플러스,동원에프앤비,천지인진홍삼플러스
천지인천옥고,동원에프앤비,천지인천옥고
천지인초고압홍삼정,다정,천지인초고압홍삼정
천지인홍삼정,다정,천지인홍삼정
천지인홍삼진골드,동원에프앤비,천지인홍삼진골드
천지인홍삼진골드프리미엄,동원에프앤비,천지인홍삼진골드프리미엄
천지정홍삼,한국생약영농조합법인,천지정홍삼
천진생 6년근 홍삼진액 에브리데이,극동에치팜2공장,천진생&6년근&홍삼진액&에브리데이
천진생 홍삼스틱 본 本,극동에치팜2공장,천진생&홍삼스틱
천진생 홍삼정 데일리스틱,농업회사법인힐링팜,천진생&홍삼정&데일리스틱
천태극삼분말,일화,천태극삼분말
천태극삼분말,대동고려삼,천태극삼분말
천태극삼액정,대동고려삼,천태극삼액정
천태극삼액정,일화,천태극삼액정
천하무적키즈왕홍삼,고려인삼과학,천하무적키즈왕홍삼
천하백세진생,농업회사법인힐링팜,천하백세진생
천하장사 원기천 홍삼정 프리미엄 골드,진산사이언스,천하장사&원기천&홍삼정&프리미엄&골드
천하장사 원기천 홍삼정 프리미엄골드,농업회사법인힐링팜,천하장사&원기천&홍삼정&프리미엄골드
천하태평,이수바이오,천하태평
천향 하루한팩,비트로시스농업회사법인,천향&하루한팩
천홍비 프리미엄 홍삼액,대동고려삼,천홍비&프리미엄&홍삼액
천홍삼성분골드캡슐,유니쎌팜,천홍삼성분골드캡슐
천활력삼,일화,천활력삼
천황삼,유유헬스케어,천황삼
철갑상어 관절 & 연골,한국씨엔에스팜,철갑상어&관절&연골
첫 번째 공식,농업회사법인내츄럴엔,번째&공식
청관춘,노바렉스2공장,청관춘
청기환,경성제약,청기환
청년홍삼정스틱,대동고려삼,청년홍삼정스틱
청담관절,그린바이오,청담관절
청락토,한국씨엔에스팜,청락토
청랑 파워업,한국인삼공사,청랑&파워업
청매실농축진액골드,엠에스바이오텍,청매실농축진액골드
청명,풀무원건강생활,청명
청순 다이어트,아리바이오에이치앤비,청순&다이어트
청은담 가르시니아 828,한국네스트 제2공장,청은담&가르시니아&828
청정녹차다이어트 리턴핏 Return Fit,한국씨엔에스팜,청정녹차다이어트&리턴핏&Return&Fit
청정미인,유유헬스케어,청정미인
청정삼홍삼농축액파워100,농업회사법인청정인삼,청정삼홍삼농축액파워100
청춘 다이어트 에브리타임,코스맥스엔비티,청춘&다이어트&에브리타임
청춘 멀티비타민앤미네랄,한국씨엔에스팜,청춘&멀티비타민앤미네랄
청춘고백,토음바이오,청춘고백
청춘관절 MSM 프리미엄,천호엔케어,청춘관절&MSM&프리미엄
청춘관절 N-아세틸글루코사민,한국씨엔에스팜,청춘관절&아세틸글루코사민
청춘백서 6년근 고려홍삼정 데일리스틱 진,케이지랩,청춘백서&6년근&고려홍삼정&데일리스틱
청춘시대,농업회사법인내츄럴엔,청춘시대
청춘쌩쌩,뉴팜,청춘쌩쌩
청춘차렷! 관절건강 엠에스엠,포항바이오파크,청춘차렷&관절건강&엠에스엠
청춘콸콸 플러스 골드,비엘헬스케어 2공장,청춘콸콸&플러스&골드
청춘팔팔플러스,비엘헬스케어 2공장,청춘팔팔플러스
청팔플러스,콜마비앤에이치음성공장,청팔플러스
청호추출분말,성균바이오텍,청호추출분말
청호추출분말,지앤피바이오사이언스,청호추출분말
청홍비책 홍삼,이수바이오,청홍비책&홍삼
체감다이어트,비엘헬스케어 2공장,체감다이어트
체감슬림환,허브큐어,체감슬림환
체감환,경성제약,체감환
체감환,허브큐어,체감환
체인지 핏 차전자피 가르시니아,한풍네이처팜,체인지&차전자피&가르시니아
체인지뷰 포뮬라1,한국씨엔에스팜,체인지뷰&포뮬라1
체인지뷰 포뮬라2,한국씨엔에스팜,체인지뷰&포뮬라2
체인지핏 슬림 샷플러스+,네이처텍,체인지핏&슬림&샷플러스
체인지핏 슬림 아쿠아플러스+ 석류맛,네이처텍,체인지핏&슬림&아쿠아플러스&석류맛
체인지핏 슬림 에너지 파워플러스+,코스맥스바이오,체인지핏&슬림&에너지&파워플러스
체지방 감소 가르시니아,한풍네이처팜,체지방&감소&가르시니아
체지방 감소 가르시니아 캄보지아 1000,코스팜,체지방&감소&가르시니아&캄보지아&1000
체지방 다이어트 녹차카테킨,비오팜,체지방&다이어트&녹차카테킨
체지방 다이어트 녹차카테킨 골드,비오팜,체지방&다이어트&녹차카테킨&골드
체지방 아웃 카테킨 플러스,서흥,체지방&아웃&카테킨&플러스
체지방 컷 녹차카테킨 다이어트 5 플러스,비엘헬스케어 2공장,체지방&녹차카테킨&다이어트&플러스
체지방 컷 잔티젠,노바렉스2공장,체지방&잔티젠
체지방 컷 초록이 포켓,한풍네이처팜,체지방&초록이&포켓
체지방 케어,한국인삼공사,체지방&케어
체지방감소 가르시니아,허브큐어,체지방감소&가르시니아
체지방감소 슈퍼슬림온 가르시니아,한국씨엔에스팜,체지방감소&슈퍼슬림온&가르시니아
체지방다이어트 포스트바이오틱스,바이오 로제트,체지방다이어트&포스트바이오틱스
체지방메이트,콜마비앤에이치음성공장,체지방메이트
체지방메이트 플러스,에스디생명공학 건강식품사업부문,체지방메이트&플러스
체지방스탑,풀무원건강생활,체지방스탑
체지방엔녹차추출물,풀무원건강생활,체지방엔녹차추출물
체지방을시서스,코스맥스바이오,체지방을시서스
체지방컷다이어트,한풍네이처팜,체지방컷다이어트
초고압홍삼정,다정,초고압홍삼정
초당플러스,태웅식품,초당플러스
초록이 11플러스 애프터 녹차카테킨 시즌3,미누스토리,초록이&11플러스&애프터&녹차카테킨&시즌3
초록이 슬림밸런스&쾌변,미누스토리,초록이&슬림밸런스&쾌변
초록이 쓰리데이즈,네이처텍,초록이&쓰리데이즈
초록이 액티브 클린,네이처텍,초록이&액티브&클린
초록이 포켓 다이어트,미누스토리,초록이&포켓&다이어트
초록이 플러스 애프터 그린라이트 녹차카테킨 7플러스,미누스토리,초록이&플러스&애프터&그린라이트&녹차카테킨&7플러스
초록이 화이버 아웃,미누스토리,초록이&화이버&아웃
초록입홍합,코스맥스바이오,초록입홍합
초록입홍합오일,한국씨엔에스팜,초록입홍합오일
초록입홍합추출오일복합물,씨스팡,초록입홍합추출오일복합물
초록핏 식후1알,코스팜,초록핏&식후1알
초롱초롱 아이비타민,태극제약,초롱초롱&아이비타민
초롱초롱 어린이 베타카로틴,네이처퓨어코리아,초롱초롱&어린이&베타카로틴
초월홍삼 뷰리플에스,엔에이치씨바이오텍,초월홍삼&뷰리플에스
초월홍삼 쏙쏙지니어스에이치,엔에이치씨바이오텍,초월홍삼&쏙쏙지니어스에이치
초월홍삼 쏙쏙지니어스엠,엔에이치씨바이오텍,초월홍삼&쏙쏙지니어스엠
초월홍삼 쏙쏙지니어스주니어,엔에이치씨바이오텍,초월홍삼&쏙쏙지니어스주니어
초월홍삼 쑥쑥키즈,엔에이치씨바이오텍,초월홍삼&쑥쑥키즈
초월홍삼데일리스틱센스,엔에이치씨바이오텍,초월홍삼데일리스틱센스
초월홍삼데일리스틱프리미엄,엔에이치씨바이오텍,초월홍삼데일리스틱프리미엄
초월홍삼뷰리플린,엔에이치씨바이오텍,초월홍삼뷰리플린
초이스 가르시니아,서흥,초이스&가르시니아
초이스 눈건강 루테인,네이처퓨어코리아,초이스&눈건강&루테인
초이스 멀티비타민 앤 미네랄 포 멘,네이처퓨어코리아,초이스&멀티비타민&미네랄
초이스 멀티비타민 앤 미네랄 포 우먼,네이처퓨어코리아,초이스&멀티비타민&미네랄&우먼
초이스 멀티비타민앤미네랄포우먼,네이처퓨어코리아,초이스&멀티비타민앤미네랄포우먼
초이스멀티비타민앤미네랄포멘,네이처퓨어코리아,초이스멀티비타민앤미네랄포멘
초임계 rTG 알티지 오메가3,한풍네이처팜,초임계&rTG&알티지&오메가3
초임계 rTG 알티지 오메가3,한국씨엔에스팜,초임계&rTG&알티지&오메가3
초임계 rTG 알티지 오메가3,한미양행,초임계&rTG&알티지&오메가3
초임계 rTG 알티지 오메가3 비타민D 비타민E,한풍네이처팜,초임계&rTG&알티지&오메가3&비타민D&비타민E
초임계 rTG 알티지 오메가3 식물성캡슐,동서바이오팜 안성공장,초임계&rTG&알티지&오메가3&식물성캡슐
초임계 rTG 알티지 오메가3 에어락,한풍네이처팜,초임계&rTG&알티지&오메가3&에어락
초임계 rTG 알티지오메가3 1000mg,한풍네이처팜,초임계&rTG&알티지오메가3&1000mg
초임계 rTG 오메가-3,미누스토리,초임계&rTG&오메가
초임계 rTG 오메가3,한풍네이처팜,초임계&rTG&오메가3
초임계 rTG 오메가3,우리바이오,초임계&rTG&오메가3
초임계 rTG 오메가3 케이디,홀바이오텍,초임계&rTG&오메가3&케이디
초임계 rTG 오메가3엔 탑 혈행 케어,한풍네이처팜,초임계&rTG&오메가3엔&혈행&케어
초임계 rTG오메가,홀바이오텍,초임계&rTG오메가
초임계 rTG오메가-3,네이처퓨어코리아,초임계&rTG오메가
초임계 rTG오메가-3,홀바이오텍,초임계&rTG오메가
초임계 rTG오메가3 1640,네이처퓨어코리아,초임계&rTG오메가3&1640
초임계 rTG오메가3 장용성,한풍네이처팜,초임계&rTG오메가3&장용성
초임계 눈건강아스타잔틴,한국씨엔에스팜,초임계&눈건강아스타잔틴
초임계 루테인,한국씨엔에스팜,초임계&루테인
초임계 루테인,노바렉스2공장,초임계&루테인
초임계 루테인,미누스토리,초임계&루테인
초임계 루테인 아스타잔틴,네이처퓨어코리아,초임계&루테인&아스타잔틴
초임계 루테인 아스타잔틴7,노바렉스2공장,초임계&루테인&아스타잔틴7
초임계 루테인아스타잔틴,한국씨엔에스팜,초임계&루테인아스타잔틴
초임계 루테인아스타잔틴,노바렉스2공장,초임계&루테인아스타잔틴
초임계 루테인아스타잔틴 코어,콜마비앤에이치음성공장,초임계&루테인아스타잔틴&코어
초임계 멀티케어 포뮬라,한국씨엔에스팜,초임계&멀티케어&포뮬라
초임계 비건 알티지 오메가3,콜마비앤에이치음성공장,초임계&비건&알티지&오메가3
초임계 식물성 rTG 오메가3,우리바이오,초임계&식물성&rTG&오메가3
초임계 식물성 그린 알티지 오메가3,노바렉스2공장,초임계&식물성&그린&알티지&오메가3
초임계 식물성 알티지 rTG 오메가-3,바이오에비뉴,초임계&식물성&알티지&rTG&오메가
초임계 식물성 알티지 오메가3,한풍네이처팜,초임계&식물성&알티지&오메가3
초임계 식물성 알티지 오메가3,우리바이오,초임계&식물성&알티지&오메가3
초임계 식물성 알티지 오메가3,노바렉스2공장,초임계&식물성&알티지&오메가3
초임계 식물성 알티지 오메가3,우리바이오,초임계&식물성&알티지&오메가3
초임계 식물성 알티지 오메가3,오투바이오,초임계&식물성&알티지&오메가3
초임계 식물성 알티지 오메가3 1000,알피바이오,초임계&식물성&알티지&오메가3&1000
초임계 식물성 알티지 오메가3 비타민D&E,한풍네이처팜,초임계&식물성&알티지&오메가3&비타민D
초임계 식물성 알티지 오메가3,노바렉스2공장,초임계&식물성&알티지&오메가3
초임계 아스타잔틴 루테인,알피바이오,초임계&아스타잔틴&루테인
초임계 아스타잔틴 루테인 클리어,노바렉스2공장,초임계&아스타잔틴&루테인&클리어
초임계 알티지 rTG 오메가3 플러스,한국씨엔에스팜,초임계&알티지&rTG&오메가3&플러스
초임계 알티지 식물성 오메가3,동서바이오팜 안성공장,초임계&알티지&식물성&오메가3
초임계 알티지 식물성 오메가3,노바렉스2공장,초임계&알티지&식물성&오메가3
초임계 알티지 식물성 오메가3,오투바이오,초임계&알티지&식물성&오메가3
초임계 알티지 오메가-3 알파,네이처퓨어코리아,초임계&알티지&오메가&알파
초임계 알티지 오메가3,네추럴웨이 포천 제2공장,초임계&알티지&오메가3
초임계 알티지 오메가3,우리바이오,초임계&알티지&오메가3
초임계 알티지 오메가3,한미양행,초임계&알티지&오메가3
초임계 알티지 오메가3,바이오에비뉴,초임계&알티지&오메가3
초임계 알티지 오메가3,네이처퓨어코리아,초임계&알티지&오메가3
초임계 알티지 오메가3,한국씨엔에스팜,초임계&알티지&오메가3
초임계 알티지 오메가3,네추럴웨이 포천 제2공장,초임계&알티지&오메가3
초임계 알티지 오메가3,비엘헬스케어 2공장,초임계&알티지&오메가3
초임계 알티지 오메가3 & 루테인 듀얼케어,우리바이오,초임계&알티지&오메가3&루테인&듀얼케어
초임계 알티지 오메가3 1000,비오팜,초임계&알티지&오메가3&1000
초임계 알티지 오메가3 900,우리바이오,초임계&알티지&오메가3&900
초임계 알티지 오메가3 900,알피바이오,초임계&알티지&오메가3&900
초임계 알티지 오메가3 데일리,코스맥스엔비티,초임계&알티지&오메가3&데일리
초임계 알티지 오메가3 맥스,우리바이오,초임계&알티지&오메가3&맥스
초임계 알티지 오메가3 맥스,코스맥스엔비티,초임계&알티지&오메가3&맥스
초임계 알티지 오메가3 맥스 2000,한국씨엔에스팜,초임계&알티지&오메가3&맥스&2000
"초임계 알티지 오메가3 비타민D,E 식물성캡슐",한풍네이처팜,초임계&알티지&오메가3&비타민D&식물성캡슐
초임계 알티지 오메가3 시그니처,한국씨엔에스팜,초임계&알티지&오메가3&시그니처
초임계 알티지 오메가3 식물성캡슐,동서바이오팜 안성공장,초임계&알티지&오메가3&식물성캡슐
초임계 알티지 오메가3 식물성캡슐 프리미엄,홀바이오텍,초임계&알티지&오메가3&식물성캡슐&프리미엄
초임계 알티지 오메가3 코큐텐,한국씨엔에스팜,초임계&알티지&오메가3&코큐텐
초임계 알티지 오메가3 코큐텐,코스맥스엔비티,초임계&알티지&오메가3&코큐텐
초임계 알티지 오메가3 트리플,코스맥스엔비티,초임계&알티지&오메가3&트리플
초임계 알티지 오메가3 트리플케어,한미양행,초임계&알티지&오메가3&트리플케어
초임계 알티지 오메가3의 4중기능성,알피바이오,초임계&알티지&오메가3의&4중기능성
초임계 알티지 오메가3,노바렉스2공장,초임계&알티지&오메가3
초임계 알티지 오메가3,한국씨엔에스팜,초임계&알티지&오메가3
초임계 알티지 오메가3 α,노바렉스2공장,초임계&알티지&오메가3
초임계 알티지 오메가3 골드,유니쎌팜,초임계&알티지&오메가3&골드
초임계 알티지 프리미엄 오메가3,우리바이오,초임계&알티지&프리미엄&오메가3
초임계 알티지오메가 에센스1000,알피바이오,초임계&알티지오메가&에센스1000
초임계 알티지오메가3 ADE,한국씨엔에스팜,초임계&알티지오메가3&ADE
초임계 알티지오메가3 루테인지아잔틴,한미양행,초임계&알티지오메가3&루테인지아잔틴
초임계 알티지오메가3 비타민D,네이처퓨어코리아,초임계&알티지오메가3&비타민D
초임계 알티지오메가3 비타민D,한풍네이처팜,초임계&알티지오메가3&비타민D
초임계 장용성 알티지 오메가3,코스맥스바이오,초임계&장용성&알티지&오메가3
초임계 장용성 알티지 오메가3 플러스,코스맥스바이오,초임계&장용성&알티지&오메가3&플러스
초임계 트릴로지 루테인 오메가3 아스타잔틴,한국씨엔에스팜,초임계&트릴로지&루테인&오메가3&아스타잔틴
초임계rTG 오메가3 1207,네이처퓨어코리아,초임계rTG&오메가3&1207
초임계rTG오메가3,비엘헬스케어 2공장,초임계rTG오메가3
초임계rTG오메가3 솔루션,홀바이오텍,초임계rTG오메가3&솔루션
초임계루테인 슈퍼파이브,네이처퓨어코리아,초임계루테인&슈퍼파이브
초임계루테인아스타잔틴,비엘헬스케어 2공장,초임계루테인아스타잔틴
초임계식물성알티지오메가3,알피바이오,초임계식물성알티지오메가3
초임계알티지오메가3 루테인지아잔틴24,노바렉스2공장,초임계알티지오메가3&루테인지아잔틴24
초임계알티지오메가3 비타민D,콜마비앤에이치음성공장,초임계알티지오메가3&비타민D
초임계알티지오메가3 트리플프로,일양약품,초임계알티지오메가3&트리플프로
초임계알티지오메가3 프리미엄,한미양행,초임계알티지오메가3&프리미엄
초임계알티지오메가3 프리미엄,일양약품,초임계알티지오메가3&프리미엄
초임계알티지오메가3루테인아스타잔틴눈건강대박,한풍네이처팜,초임계알티지오메가3루테인아스타잔틴눈건강대박
초임계알티지오메가3부스터,노바렉스2공장,초임계알티지오메가3부스터
초임계추출 식물성 알티지 오메가3,바이오에비뉴,초임계추출&식물성&알티지&오메가3
촉촉한 루테인13,한미양행,촉촉한&루테인13
촘·촘 키즈 프로바이오틱스,비오팜,키즈&프로바이오틱스
촤르르륵,아미코젠문산제2공장,촤르르륵
출출할 때 씹어먹는 다이어트프로,에이치엔웨이,출출할&씹어먹는&다이어트프로
충북TP녹차추출액,충북테크노파크,충북TP녹차추출액
츄어블 그린 프로폴리스,알피바이오,츄어블&그린&프로폴리스
츄어블 멀티비타민 포 패밀리 프리미엄,한미양행,츄어블&멀티비타민&패밀리&프리미엄
츄어블 멀티비타민미네랄 프리미엄 플러스,한국씨엔에스팜,츄어블&멀티비타민미네랄&프리미엄&플러스
츄어블 비타민 포 키즈,비엘헬스케어 2공장,츄어블&비타민&키즈
츄어블 비타민A,아람,츄어블&비타민A
츄어블 비타민미네랄,비오팜,츄어블&비타민미네랄
츄어블 식물성 알티지 오메가3,코스맥스바이오,츄어블&식물성&알티지&오메가3
츄어블멀티비타민,유유헬스케어,츄어블멀티비타민
츄어블멀티비타민,노바렉스,츄어블멀티비타민
츄어블멀티비타민,허브큐어,츄어블멀티비타민
츄어블멀티비타민 골드,네이처퓨어코리아,츄어블멀티비타민&골드
츄어블멀티비타민 맨,유유헬스케어,츄어블멀티비타민
츄어블멀티비타민미네랄,팜크로스,츄어블멀티비타민미네랄
츄어블멀티비타민미네랄레벨업,비엘헬스케어 2공장,츄어블멀티비타민미네랄레벨업
츄어블식물성오메가3,코스맥스바이오,츄어블식물성오메가3
츄어블오메가-3,서흥,츄어블오메가
츄이듀이 오렌지레몬맛,비오팜,츄이듀이&오렌지레몬맛
츄이듀이 자몽허니블랙티 맛,비오팜,츄이듀이&자몽허니블랙티
츄이듀이 피치망고맛,비오팜,츄이듀이&피치망고맛
츄잉 멀티비타민,콜마비앤에이치음성공장,츄잉&멀티비타민
치어플리,콜마비앤에이치음성공장,치어플리
치킨먹고 난이거,한국씨엔에스팜,치킨먹고&난이거
치팅데이,코스맥스바이오,치팅데이
친구랑,비티진,친구랑
친구몰래 그린부스터,서흥헬스케어,친구몰래&그린부스터
친구몰래 레드,엠에스바이오텍,친구몰래&레드
친구몰래 블랙,엠에스바이오텍,친구몰래&블랙
친생다이어트리뉴,에스케이내추럴팜,친생다이어트리뉴
친절한 차전자피&가르시니아 시즌2,동서바이오팜,친절한&차전자피&가르시니아&시즌2
친절한 차전자피&가르시니아 시즌2,바이오에비뉴,친절한&차전자피&가르시니아&시즌2
친절한 카테킨 & 옥타코사놀,바이오에비뉴,친절한&카테킨&옥타코사놀
친절한 카테킨 & 옥타코사놀,동서바이오팜,친절한&카테킨&옥타코사놀
친절한 콜레우스 & 테아닌,동서바이오팜,친절한&콜레우스&테아닌
친절한 콜레우스&테아닌,바이오에비뉴,친절한&콜레우스&테아닌
칠드런스 포뮬라,콜마비앤에이치음성공장,칠드런스&포뮬라
칠일만 다이어트,엠에스바이오텍,칠일만&다이어트
카메톤캡슐,중부대학교 산학협력단,카메톤캡슐
카보로우,파마피아,카보로우
카보블럭,엠에스바이오텍,카보블럭
카보블록,코스맥스바이오,카보블록
카보블록,서흥,카보블록
카보샌드,엠에스바이오텍,카보샌드
카보커트,코스맥스바이오,카보커트
카보컷슬림정,오투바이오,카보컷슬림정
카보컷트플러스,엠에스바이오텍,카보컷트플러스
카브블락 굿나잇,비오팜,카브블락&굿나잇
카브블로커,네추럴웨이,카브블로커
카브블로커,한국씨엔에스팜,카브블로커
카브씬,비오팜,카브씬
카브씬-지,비오팜,카브씬
카야니 프로바이오틱스 플러스,코스맥스엔비티,카야니&프로바이오틱스&플러스
카야니 피트20,코스맥스엔비티,카야니&피트20
